ERROR - 2026-04-29 07:22:37 --> Error connecting to the database: mysqli_sql_exception: Access denied for user ''@'localhost' (using password: NO) in D:\Tp_CI4\TP_Parcours\system\Database\MySQLi\Connection.php:201
Stack trace:
#0 D:\Tp_CI4\TP_Parcours\system\Database\MySQLi\Connection.php(201): mysqli->real_connect('localhost', '', Object(SensitiveParameterValue), '', 3306, '', 0)
#1 D:\Tp_CI4\TP_Parcours\system\Database\BaseConnection.php(555): CodeIgniter\Database\MySQLi\Connection->connect(false)
#2 D:\Tp_CI4\TP_Parcours\system\Database\BaseConnection.php(795): CodeIgniter\Database\BaseConnection->initialize()
#3 D:\Tp_CI4\TP_Parcours\system\Database\BaseBuilder.php(1649): CodeIgniter\Database\BaseConnection->query('SELECT `Etudian...', Array, false)
#4 D:\Tp_CI4\TP_Parcours\system\Model.php(253): CodeIgniter\Database\BaseBuilder->get()
#5 D:\Tp_CI4\TP_Parcours\system\BaseModel.php(676): CodeIgniter\Model->doFindAll(0, 0)
#6 D:\Tp_CI4\TP_Parcours\app\Models\EtudiantModel.php(22): CodeIgniter\BaseModel->findAll()
#7 D:\Tp_CI4\TP_Parcours\app\Controllers\Etudiant.php(14): App\Models\EtudiantModel->getEtudiantsAvecInfos()
#8 D:\Tp_CI4\TP_Parcours\system\CodeIgniter.php(951): App\Controllers\Etudiant->saisieNote()
#9 D:\Tp_CI4\TP_Parcours\system\CodeIgniter.php(497): CodeIgniter\CodeIgniter->runController(Object(App\Controllers\Etudiant))
#10 D:\Tp_CI4\TP_Parcours\system\CodeIgniter.php(340): CodeIgniter\CodeIgniter->handleRequest(NULL, Object(Config\Cache), false)
#11 D:\Tp_CI4\TP_Parcours\system\Boot.php(417): CodeIgniter\CodeIgniter->run()
#12 D:\Tp_CI4\TP_Parcours\system\Boot.php(68): CodeIgniter\Boot::runCodeIgniter(Object(CodeIgniter\CodeIgniter))
#13 D:\Tp_CI4\TP_Parcours\public\index.php(59): CodeIgniter\Boot::bootWeb(Object(Config\Paths))
#14 D:\Tp_CI4\TP_Parcours\system\rewrite.php(44): require_once('D:\\Tp_CI4\\TP_Pa...')
#15 {main}

Next CodeIgniter\Database\Exceptions\DatabaseException: Access denied for user ''@'localhost' (using password: NO) in D:\Tp_CI4\TP_Parcours\system\Database\MySQLi\Connection.php:231
Stack trace:
#0 D:\Tp_CI4\TP_Parcours\system\Database\BaseConnection.php(555): CodeIgniter\Database\MySQLi\Connection->connect(false)
#1 D:\Tp_CI4\TP_Parcours\system\Database\BaseConnection.php(795): CodeIgniter\Database\BaseConnection->initialize()
#2 D:\Tp_CI4\TP_Parcours\system\Database\BaseBuilder.php(1649): CodeIgniter\Database\BaseConnection->query('SELECT `Etudian...', Array, false)
#3 D:\Tp_CI4\TP_Parcours\system\Model.php(253): CodeIgniter\Database\BaseBuilder->get()
#4 D:\Tp_CI4\TP_Parcours\system\BaseModel.php(676): CodeIgniter\Model->doFindAll(0, 0)
#5 D:\Tp_CI4\TP_Parcours\app\Models\EtudiantModel.php(22): CodeIgniter\BaseModel->findAll()
#6 D:\Tp_CI4\TP_Parcours\app\Controllers\Etudiant.php(14): App\Models\EtudiantModel->getEtudiantsAvecInfos()
#7 D:\Tp_CI4\TP_Parcours\system\CodeIgniter.php(951): App\Controllers\Etudiant->saisieNote()
#8 D:\Tp_CI4\TP_Parcours\system\CodeIgniter.php(497): CodeIgniter\CodeIgniter->runController(Object(App\Controllers\Etudiant))
#9 D:\Tp_CI4\TP_Parcours\system\CodeIgniter.php(340): CodeIgniter\CodeIgniter->handleRequest(NULL, Object(Config\Cache), false)
#10 D:\Tp_CI4\TP_Parcours\system\Boot.php(417): CodeIgniter\CodeIgniter->run()
#11 D:\Tp_CI4\TP_Parcours\system\Boot.php(68): CodeIgniter\Boot::runCodeIgniter(Object(CodeIgniter\CodeIgniter))
#12 D:\Tp_CI4\TP_Parcours\public\index.php(59): CodeIgniter\Boot::bootWeb(Object(Config\Paths))
#13 D:\Tp_CI4\TP_Parcours\system\rewrite.php(44): require_once('D:\\Tp_CI4\\TP_Pa...')
#14 {main}
CRITICAL - 2026-04-29 07:22:37 --> CodeIgniter\Database\Exceptions\DatabaseException: Unable to connect to the database.
Main connection [MySQLi]: Access denied for user ''@'localhost' (using password: NO)
[Method: GET, Route: notes/saisie]
in SYSTEMPATH\Database\BaseConnection.php on line 606.
 1 SYSTEMPATH\Database\BaseConnection.php(795): CodeIgniter\Database\BaseConnection->initialize()
 2 SYSTEMPATH\Database\BaseBuilder.php(1649): CodeIgniter\Database\BaseConnection->query('SELECT `Etudiant`.`id`, `Etudiant`.`nom`, `Etudiant`.`prenom`, `Niveau`.`nom` AS `niveau`, `Parcours`.`nom` AS `parcours`
FROM `Etudiant`
LEFT JOIN `Niveau` ON `Niveau`.`id` = `Etudiant`.`id_niveau`
LEFT JOIN `Parcours` ON `Parcours`.`id` = `Etudiant`.`id_parcours`
ORDER BY `Etudiant`.`nom` ASC, `Etudiant`.`prenom` ASC', [], false)
 3 SYSTEMPATH\Model.php(253): CodeIgniter\Database\BaseBuilder->get()
 4 SYSTEMPATH\BaseModel.php(676): CodeIgniter\Model->doFindAll(0, 0)
 5 APPPATH\Models\EtudiantModel.php(22): CodeIgniter\BaseModel->findAll()
 6 APPPATH\Controllers\Etudiant.php(14): App\Models\EtudiantModel->getEtudiantsAvecInfos()
 7 SYSTEMPATH\CodeIgniter.php(951): App\Controllers\Etudiant->saisieNote()
 8 SYSTEMPATH\CodeIgniter.php(497): CodeIgniter\CodeIgniter->runController(Object(App\Controllers\Etudiant))
 9 SYSTEMPATH\CodeIgniter.php(340): CodeIgniter\CodeIgniter->handleRequest(null, Object(Config\Cache), false)
10 SYSTEMPATH\Boot.php(417): CodeIgniter\CodeIgniter->run()
11 SYSTEMPATH\Boot.php(68): CodeIgniter\Boot::runCodeIgniter(Object(CodeIgniter\CodeIgniter))
12 FCPATH\index.php(59): CodeIgniter\Boot::bootWeb(Object(Config\Paths))
13 SYSTEMPATH\rewrite.php(44): require_once('D:\\Tp_CI4\\TP_Parcours\\public\\index.php')
ERROR - 2026-04-29 07:24:12 --> Error connecting to the database: mysqli_sql_exception: Access denied for user ''@'localhost' (using password: NO) in D:\Tp_CI4\TP_Parcours\system\Database\MySQLi\Connection.php:201
Stack trace:
#0 D:\Tp_CI4\TP_Parcours\system\Database\MySQLi\Connection.php(201): mysqli->real_connect('localhost', '', Object(SensitiveParameterValue), '', 3306, '', 0)
#1 D:\Tp_CI4\TP_Parcours\system\Database\BaseConnection.php(555): CodeIgniter\Database\MySQLi\Connection->connect(false)
#2 D:\Tp_CI4\TP_Parcours\system\Database\BaseConnection.php(795): CodeIgniter\Database\BaseConnection->initialize()
#3 D:\Tp_CI4\TP_Parcours\system\Database\BaseBuilder.php(1649): CodeIgniter\Database\BaseConnection->query('SELECT `Etudian...', Array, false)
#4 D:\Tp_CI4\TP_Parcours\system\Model.php(253): CodeIgniter\Database\BaseBuilder->get()
#5 D:\Tp_CI4\TP_Parcours\system\BaseModel.php(676): CodeIgniter\Model->doFindAll(0, 0)
#6 D:\Tp_CI4\TP_Parcours\app\Models\EtudiantModel.php(22): CodeIgniter\BaseModel->findAll()
#7 D:\Tp_CI4\TP_Parcours\app\Controllers\Etudiant.php(14): App\Models\EtudiantModel->getEtudiantsAvecInfos()
#8 D:\Tp_CI4\TP_Parcours\system\CodeIgniter.php(951): App\Controllers\Etudiant->saisieNote()
#9 D:\Tp_CI4\TP_Parcours\system\CodeIgniter.php(497): CodeIgniter\CodeIgniter->runController(Object(App\Controllers\Etudiant))
#10 D:\Tp_CI4\TP_Parcours\system\CodeIgniter.php(340): CodeIgniter\CodeIgniter->handleRequest(NULL, Object(Config\Cache), false)
#11 D:\Tp_CI4\TP_Parcours\system\Boot.php(417): CodeIgniter\CodeIgniter->run()
#12 D:\Tp_CI4\TP_Parcours\system\Boot.php(68): CodeIgniter\Boot::runCodeIgniter(Object(CodeIgniter\CodeIgniter))
#13 D:\Tp_CI4\TP_Parcours\public\index.php(59): CodeIgniter\Boot::bootWeb(Object(Config\Paths))
#14 D:\Tp_CI4\TP_Parcours\system\rewrite.php(44): require_once('D:\\Tp_CI4\\TP_Pa...')
#15 {main}

Next CodeIgniter\Database\Exceptions\DatabaseException: Access denied for user ''@'localhost' (using password: NO) in D:\Tp_CI4\TP_Parcours\system\Database\MySQLi\Connection.php:231
Stack trace:
#0 D:\Tp_CI4\TP_Parcours\system\Database\BaseConnection.php(555): CodeIgniter\Database\MySQLi\Connection->connect(false)
#1 D:\Tp_CI4\TP_Parcours\system\Database\BaseConnection.php(795): CodeIgniter\Database\BaseConnection->initialize()
#2 D:\Tp_CI4\TP_Parcours\system\Database\BaseBuilder.php(1649): CodeIgniter\Database\BaseConnection->query('SELECT `Etudian...', Array, false)
#3 D:\Tp_CI4\TP_Parcours\system\Model.php(253): CodeIgniter\Database\BaseBuilder->get()
#4 D:\Tp_CI4\TP_Parcours\system\BaseModel.php(676): CodeIgniter\Model->doFindAll(0, 0)
#5 D:\Tp_CI4\TP_Parcours\app\Models\EtudiantModel.php(22): CodeIgniter\BaseModel->findAll()
#6 D:\Tp_CI4\TP_Parcours\app\Controllers\Etudiant.php(14): App\Models\EtudiantModel->getEtudiantsAvecInfos()
#7 D:\Tp_CI4\TP_Parcours\system\CodeIgniter.php(951): App\Controllers\Etudiant->saisieNote()
#8 D:\Tp_CI4\TP_Parcours\system\CodeIgniter.php(497): CodeIgniter\CodeIgniter->runController(Object(App\Controllers\Etudiant))
#9 D:\Tp_CI4\TP_Parcours\system\CodeIgniter.php(340): CodeIgniter\CodeIgniter->handleRequest(NULL, Object(Config\Cache), false)
#10 D:\Tp_CI4\TP_Parcours\system\Boot.php(417): CodeIgniter\CodeIgniter->run()
#11 D:\Tp_CI4\TP_Parcours\system\Boot.php(68): CodeIgniter\Boot::runCodeIgniter(Object(CodeIgniter\CodeIgniter))
#12 D:\Tp_CI4\TP_Parcours\public\index.php(59): CodeIgniter\Boot::bootWeb(Object(Config\Paths))
#13 D:\Tp_CI4\TP_Parcours\system\rewrite.php(44): require_once('D:\\Tp_CI4\\TP_Pa...')
#14 {main}
CRITICAL - 2026-04-29 07:24:12 --> CodeIgniter\Database\Exceptions\DatabaseException: Unable to connect to the database.
Main connection [MySQLi]: Access denied for user ''@'localhost' (using password: NO)
[Method: GET, Route: notes/saisie]
in SYSTEMPATH\Database\BaseConnection.php on line 606.
 1 SYSTEMPATH\Database\BaseConnection.php(795): CodeIgniter\Database\BaseConnection->initialize()
 2 SYSTEMPATH\Database\BaseBuilder.php(1649): CodeIgniter\Database\BaseConnection->query('SELECT `Etudiant`.`id`, `Etudiant`.`nom`, `Etudiant`.`prenom`, `Niveau`.`nom` AS `niveau`, `Parcours`.`nom` AS `parcours`
FROM `Etudiant`
LEFT JOIN `Niveau` ON `Niveau`.`id` = `Etudiant`.`id_niveau`
LEFT JOIN `Parcours` ON `Parcours`.`id` = `Etudiant`.`id_parcours`
ORDER BY `Etudiant`.`nom` ASC, `Etudiant`.`prenom` ASC', [], false)
 3 SYSTEMPATH\Model.php(253): CodeIgniter\Database\BaseBuilder->get()
 4 SYSTEMPATH\BaseModel.php(676): CodeIgniter\Model->doFindAll(0, 0)
 5 APPPATH\Models\EtudiantModel.php(22): CodeIgniter\BaseModel->findAll()
 6 APPPATH\Controllers\Etudiant.php(14): App\Models\EtudiantModel->getEtudiantsAvecInfos()
 7 SYSTEMPATH\CodeIgniter.php(951): App\Controllers\Etudiant->saisieNote()
 8 SYSTEMPATH\CodeIgniter.php(497): CodeIgniter\CodeIgniter->runController(Object(App\Controllers\Etudiant))
 9 SYSTEMPATH\CodeIgniter.php(340): CodeIgniter\CodeIgniter->handleRequest(null, Object(Config\Cache), false)
10 SYSTEMPATH\Boot.php(417): CodeIgniter\CodeIgniter->run()
11 SYSTEMPATH\Boot.php(68): CodeIgniter\Boot::runCodeIgniter(Object(CodeIgniter\CodeIgniter))
12 FCPATH\index.php(59): CodeIgniter\Boot::bootWeb(Object(Config\Paths))
13 SYSTEMPATH\rewrite.php(44): require_once('D:\\Tp_CI4\\TP_Parcours\\public\\index.php')
ERROR - 2026-04-29 07:25:13 --> Error connecting to the database: mysqli_sql_exception: Access denied for user ''@'localhost' (using password: NO) in D:\Tp_CI4\TP_Parcours\system\Database\MySQLi\Connection.php:201
Stack trace:
#0 D:\Tp_CI4\TP_Parcours\system\Database\MySQLi\Connection.php(201): mysqli->real_connect('localhost', '', Object(SensitiveParameterValue), '', 3306, '', 0)
#1 D:\Tp_CI4\TP_Parcours\system\Database\BaseConnection.php(555): CodeIgniter\Database\MySQLi\Connection->connect(false)
#2 D:\Tp_CI4\TP_Parcours\system\Database\BaseConnection.php(795): CodeIgniter\Database\BaseConnection->initialize()
#3 D:\Tp_CI4\TP_Parcours\system\Database\BaseBuilder.php(1649): CodeIgniter\Database\BaseConnection->query('SELECT `Etudian...', Array, false)
#4 D:\Tp_CI4\TP_Parcours\system\Model.php(253): CodeIgniter\Database\BaseBuilder->get()
#5 D:\Tp_CI4\TP_Parcours\system\BaseModel.php(676): CodeIgniter\Model->doFindAll(0, 0)
#6 D:\Tp_CI4\TP_Parcours\app\Models\EtudiantModel.php(22): CodeIgniter\BaseModel->findAll()
#7 D:\Tp_CI4\TP_Parcours\app\Controllers\Etudiant.php(14): App\Models\EtudiantModel->getEtudiantsAvecInfos()
#8 D:\Tp_CI4\TP_Parcours\system\CodeIgniter.php(951): App\Controllers\Etudiant->saisieNote()
#9 D:\Tp_CI4\TP_Parcours\system\CodeIgniter.php(497): CodeIgniter\CodeIgniter->runController(Object(App\Controllers\Etudiant))
#10 D:\Tp_CI4\TP_Parcours\system\CodeIgniter.php(340): CodeIgniter\CodeIgniter->handleRequest(NULL, Object(Config\Cache), false)
#11 D:\Tp_CI4\TP_Parcours\system\Boot.php(417): CodeIgniter\CodeIgniter->run()
#12 D:\Tp_CI4\TP_Parcours\system\Boot.php(68): CodeIgniter\Boot::runCodeIgniter(Object(CodeIgniter\CodeIgniter))
#13 D:\Tp_CI4\TP_Parcours\public\index.php(59): CodeIgniter\Boot::bootWeb(Object(Config\Paths))
#14 D:\Tp_CI4\TP_Parcours\system\rewrite.php(44): require_once('D:\\Tp_CI4\\TP_Pa...')
#15 {main}

Next CodeIgniter\Database\Exceptions\DatabaseException: Access denied for user ''@'localhost' (using password: NO) in D:\Tp_CI4\TP_Parcours\system\Database\MySQLi\Connection.php:231
Stack trace:
#0 D:\Tp_CI4\TP_Parcours\system\Database\BaseConnection.php(555): CodeIgniter\Database\MySQLi\Connection->connect(false)
#1 D:\Tp_CI4\TP_Parcours\system\Database\BaseConnection.php(795): CodeIgniter\Database\BaseConnection->initialize()
#2 D:\Tp_CI4\TP_Parcours\system\Database\BaseBuilder.php(1649): CodeIgniter\Database\BaseConnection->query('SELECT `Etudian...', Array, false)
#3 D:\Tp_CI4\TP_Parcours\system\Model.php(253): CodeIgniter\Database\BaseBuilder->get()
#4 D:\Tp_CI4\TP_Parcours\system\BaseModel.php(676): CodeIgniter\Model->doFindAll(0, 0)
#5 D:\Tp_CI4\TP_Parcours\app\Models\EtudiantModel.php(22): CodeIgniter\BaseModel->findAll()
#6 D:\Tp_CI4\TP_Parcours\app\Controllers\Etudiant.php(14): App\Models\EtudiantModel->getEtudiantsAvecInfos()
#7 D:\Tp_CI4\TP_Parcours\system\CodeIgniter.php(951): App\Controllers\Etudiant->saisieNote()
#8 D:\Tp_CI4\TP_Parcours\system\CodeIgniter.php(497): CodeIgniter\CodeIgniter->runController(Object(App\Controllers\Etudiant))
#9 D:\Tp_CI4\TP_Parcours\system\CodeIgniter.php(340): CodeIgniter\CodeIgniter->handleRequest(NULL, Object(Config\Cache), false)
#10 D:\Tp_CI4\TP_Parcours\system\Boot.php(417): CodeIgniter\CodeIgniter->run()
#11 D:\Tp_CI4\TP_Parcours\system\Boot.php(68): CodeIgniter\Boot::runCodeIgniter(Object(CodeIgniter\CodeIgniter))
#12 D:\Tp_CI4\TP_Parcours\public\index.php(59): CodeIgniter\Boot::bootWeb(Object(Config\Paths))
#13 D:\Tp_CI4\TP_Parcours\system\rewrite.php(44): require_once('D:\\Tp_CI4\\TP_Pa...')
#14 {main}
CRITICAL - 2026-04-29 07:25:13 --> CodeIgniter\Database\Exceptions\DatabaseException: Unable to connect to the database.
Main connection [MySQLi]: Access denied for user ''@'localhost' (using password: NO)
[Method: GET, Route: notes/saisie]
in SYSTEMPATH\Database\BaseConnection.php on line 606.
 1 SYSTEMPATH\Database\BaseConnection.php(795): CodeIgniter\Database\BaseConnection->initialize()
 2 SYSTEMPATH\Database\BaseBuilder.php(1649): CodeIgniter\Database\BaseConnection->query('SELECT `Etudiant`.`id`, `Etudiant`.`nom`, `Etudiant`.`prenom`, `Niveau`.`nom` AS `niveau`, `Parcours`.`nom` AS `parcours`
FROM `Etudiant`
LEFT JOIN `Niveau` ON `Niveau`.`id` = `Etudiant`.`id_niveau`
LEFT JOIN `Parcours` ON `Parcours`.`id` = `Etudiant`.`id_parcours`
ORDER BY `Etudiant`.`nom` ASC, `Etudiant`.`prenom` ASC', [], false)
 3 SYSTEMPATH\Model.php(253): CodeIgniter\Database\BaseBuilder->get()
 4 SYSTEMPATH\BaseModel.php(676): CodeIgniter\Model->doFindAll(0, 0)
 5 APPPATH\Models\EtudiantModel.php(22): CodeIgniter\BaseModel->findAll()
 6 APPPATH\Controllers\Etudiant.php(14): App\Models\EtudiantModel->getEtudiantsAvecInfos()
 7 SYSTEMPATH\CodeIgniter.php(951): App\Controllers\Etudiant->saisieNote()
 8 SYSTEMPATH\CodeIgniter.php(497): CodeIgniter\CodeIgniter->runController(Object(App\Controllers\Etudiant))
 9 SYSTEMPATH\CodeIgniter.php(340): CodeIgniter\CodeIgniter->handleRequest(null, Object(Config\Cache), false)
10 SYSTEMPATH\Boot.php(417): CodeIgniter\CodeIgniter->run()
11 SYSTEMPATH\Boot.php(68): CodeIgniter\Boot::runCodeIgniter(Object(CodeIgniter\CodeIgniter))
12 FCPATH\index.php(59): CodeIgniter\Boot::bootWeb(Object(Config\Paths))
13 SYSTEMPATH\rewrite.php(44): require_once('D:\\Tp_CI4\\TP_Parcours\\public\\index.php')
ERROR - 2026-04-29 07:25:42 --> Error connecting to the database: mysqli_sql_exception: Access denied for user ''@'localhost' (using password: NO) in D:\Tp_CI4\TP_Parcours\system\Database\MySQLi\Connection.php:201
Stack trace:
#0 D:\Tp_CI4\TP_Parcours\system\Database\MySQLi\Connection.php(201): mysqli->real_connect('localhost', '', Object(SensitiveParameterValue), '', 3306, '', 0)
#1 D:\Tp_CI4\TP_Parcours\system\Database\BaseConnection.php(555): CodeIgniter\Database\MySQLi\Connection->connect(false)
#2 D:\Tp_CI4\TP_Parcours\system\Database\BaseConnection.php(795): CodeIgniter\Database\BaseConnection->initialize()
#3 D:\Tp_CI4\TP_Parcours\system\Database\BaseBuilder.php(1649): CodeIgniter\Database\BaseConnection->query('SELECT `Etudian...', Array, false)
#4 D:\Tp_CI4\TP_Parcours\system\Model.php(253): CodeIgniter\Database\BaseBuilder->get()
#5 D:\Tp_CI4\TP_Parcours\system\BaseModel.php(676): CodeIgniter\Model->doFindAll(0, 0)
#6 D:\Tp_CI4\TP_Parcours\app\Models\EtudiantModel.php(22): CodeIgniter\BaseModel->findAll()
#7 D:\Tp_CI4\TP_Parcours\app\Controllers\Etudiant.php(14): App\Models\EtudiantModel->getEtudiantsAvecInfos()
#8 D:\Tp_CI4\TP_Parcours\system\CodeIgniter.php(951): App\Controllers\Etudiant->saisieNote()
#9 D:\Tp_CI4\TP_Parcours\system\CodeIgniter.php(497): CodeIgniter\CodeIgniter->runController(Object(App\Controllers\Etudiant))
#10 D:\Tp_CI4\TP_Parcours\system\CodeIgniter.php(340): CodeIgniter\CodeIgniter->handleRequest(NULL, Object(Config\Cache), false)
#11 D:\Tp_CI4\TP_Parcours\system\Boot.php(417): CodeIgniter\CodeIgniter->run()
#12 D:\Tp_CI4\TP_Parcours\system\Boot.php(68): CodeIgniter\Boot::runCodeIgniter(Object(CodeIgniter\CodeIgniter))
#13 D:\Tp_CI4\TP_Parcours\public\index.php(59): CodeIgniter\Boot::bootWeb(Object(Config\Paths))
#14 D:\Tp_CI4\TP_Parcours\system\rewrite.php(44): require_once('D:\\Tp_CI4\\TP_Pa...')
#15 {main}

Next CodeIgniter\Database\Exceptions\DatabaseException: Access denied for user ''@'localhost' (using password: NO) in D:\Tp_CI4\TP_Parcours\system\Database\MySQLi\Connection.php:231
Stack trace:
#0 D:\Tp_CI4\TP_Parcours\system\Database\BaseConnection.php(555): CodeIgniter\Database\MySQLi\Connection->connect(false)
#1 D:\Tp_CI4\TP_Parcours\system\Database\BaseConnection.php(795): CodeIgniter\Database\BaseConnection->initialize()
#2 D:\Tp_CI4\TP_Parcours\system\Database\BaseBuilder.php(1649): CodeIgniter\Database\BaseConnection->query('SELECT `Etudian...', Array, false)
#3 D:\Tp_CI4\TP_Parcours\system\Model.php(253): CodeIgniter\Database\BaseBuilder->get()
#4 D:\Tp_CI4\TP_Parcours\system\BaseModel.php(676): CodeIgniter\Model->doFindAll(0, 0)
#5 D:\Tp_CI4\TP_Parcours\app\Models\EtudiantModel.php(22): CodeIgniter\BaseModel->findAll()
#6 D:\Tp_CI4\TP_Parcours\app\Controllers\Etudiant.php(14): App\Models\EtudiantModel->getEtudiantsAvecInfos()
#7 D:\Tp_CI4\TP_Parcours\system\CodeIgniter.php(951): App\Controllers\Etudiant->saisieNote()
#8 D:\Tp_CI4\TP_Parcours\system\CodeIgniter.php(497): CodeIgniter\CodeIgniter->runController(Object(App\Controllers\Etudiant))
#9 D:\Tp_CI4\TP_Parcours\system\CodeIgniter.php(340): CodeIgniter\CodeIgniter->handleRequest(NULL, Object(Config\Cache), false)
#10 D:\Tp_CI4\TP_Parcours\system\Boot.php(417): CodeIgniter\CodeIgniter->run()
#11 D:\Tp_CI4\TP_Parcours\system\Boot.php(68): CodeIgniter\Boot::runCodeIgniter(Object(CodeIgniter\CodeIgniter))
#12 D:\Tp_CI4\TP_Parcours\public\index.php(59): CodeIgniter\Boot::bootWeb(Object(Config\Paths))
#13 D:\Tp_CI4\TP_Parcours\system\rewrite.php(44): require_once('D:\\Tp_CI4\\TP_Pa...')
#14 {main}
CRITICAL - 2026-04-29 07:25:42 --> CodeIgniter\Database\Exceptions\DatabaseException: Unable to connect to the database.
Main connection [MySQLi]: Access denied for user ''@'localhost' (using password: NO)
[Method: GET, Route: notes/saisie]
in SYSTEMPATH\Database\BaseConnection.php on line 606.
 1 SYSTEMPATH\Database\BaseConnection.php(795): CodeIgniter\Database\BaseConnection->initialize()
 2 SYSTEMPATH\Database\BaseBuilder.php(1649): CodeIgniter\Database\BaseConnection->query('SELECT `Etudiant`.`id`, `Etudiant`.`nom`, `Etudiant`.`prenom`, `Niveau`.`nom` AS `niveau`, `Parcours`.`nom` AS `parcours`
FROM `Etudiant`
LEFT JOIN `Niveau` ON `Niveau`.`id` = `Etudiant`.`id_niveau`
LEFT JOIN `Parcours` ON `Parcours`.`id` = `Etudiant`.`id_parcours`
ORDER BY `Etudiant`.`nom` ASC, `Etudiant`.`prenom` ASC', [], false)
 3 SYSTEMPATH\Model.php(253): CodeIgniter\Database\BaseBuilder->get()
 4 SYSTEMPATH\BaseModel.php(676): CodeIgniter\Model->doFindAll(0, 0)
 5 APPPATH\Models\EtudiantModel.php(22): CodeIgniter\BaseModel->findAll()
 6 APPPATH\Controllers\Etudiant.php(14): App\Models\EtudiantModel->getEtudiantsAvecInfos()
 7 SYSTEMPATH\CodeIgniter.php(951): App\Controllers\Etudiant->saisieNote()
 8 SYSTEMPATH\CodeIgniter.php(497): CodeIgniter\CodeIgniter->runController(Object(App\Controllers\Etudiant))
 9 SYSTEMPATH\CodeIgniter.php(340): CodeIgniter\CodeIgniter->handleRequest(null, Object(Config\Cache), false)
10 SYSTEMPATH\Boot.php(417): CodeIgniter\CodeIgniter->run()
11 SYSTEMPATH\Boot.php(68): CodeIgniter\Boot::runCodeIgniter(Object(CodeIgniter\CodeIgniter))
12 FCPATH\index.php(59): CodeIgniter\Boot::bootWeb(Object(Config\Paths))
13 SYSTEMPATH\rewrite.php(44): require_once('D:\\Tp_CI4\\TP_Parcours\\public\\index.php')
ERROR - 2026-04-29 07:30:22 --> Error connecting to the database: mysqli_sql_exception: Access denied for user ''@'localhost' (using password: NO) in D:\Tp_CI4\TP_Parcours\system\Database\MySQLi\Connection.php:201
Stack trace:
#0 D:\Tp_CI4\TP_Parcours\system\Database\MySQLi\Connection.php(201): mysqli->real_connect('localhost', '', Object(SensitiveParameterValue), 'Ecoles', 3306, '', 0)
#1 D:\Tp_CI4\TP_Parcours\system\Database\BaseConnection.php(555): CodeIgniter\Database\MySQLi\Connection->connect(false)
#2 D:\Tp_CI4\TP_Parcours\system\Database\BaseConnection.php(795): CodeIgniter\Database\BaseConnection->initialize()
#3 D:\Tp_CI4\TP_Parcours\system\Database\BaseBuilder.php(1649): CodeIgniter\Database\BaseConnection->query('SELECT `Etudian...', Array, false)
#4 D:\Tp_CI4\TP_Parcours\system\Model.php(253): CodeIgniter\Database\BaseBuilder->get()
#5 D:\Tp_CI4\TP_Parcours\system\BaseModel.php(676): CodeIgniter\Model->doFindAll(0, 0)
#6 D:\Tp_CI4\TP_Parcours\app\Models\EtudiantModel.php(22): CodeIgniter\BaseModel->findAll()
#7 D:\Tp_CI4\TP_Parcours\app\Controllers\Etudiant.php(14): App\Models\EtudiantModel->getEtudiantsAvecInfos()
#8 D:\Tp_CI4\TP_Parcours\system\CodeIgniter.php(951): App\Controllers\Etudiant->saisieNote()
#9 D:\Tp_CI4\TP_Parcours\system\CodeIgniter.php(497): CodeIgniter\CodeIgniter->runController(Object(App\Controllers\Etudiant))
#10 D:\Tp_CI4\TP_Parcours\system\CodeIgniter.php(340): CodeIgniter\CodeIgniter->handleRequest(NULL, Object(Config\Cache), false)
#11 D:\Tp_CI4\TP_Parcours\system\Boot.php(417): CodeIgniter\CodeIgniter->run()
#12 D:\Tp_CI4\TP_Parcours\system\Boot.php(68): CodeIgniter\Boot::runCodeIgniter(Object(CodeIgniter\CodeIgniter))
#13 D:\Tp_CI4\TP_Parcours\public\index.php(59): CodeIgniter\Boot::bootWeb(Object(Config\Paths))
#14 D:\Tp_CI4\TP_Parcours\system\rewrite.php(44): require_once('D:\\Tp_CI4\\TP_Pa...')
#15 {main}

Next CodeIgniter\Database\Exceptions\DatabaseException: Access denied for user ''@'localhost' (using password: NO) in D:\Tp_CI4\TP_Parcours\system\Database\MySQLi\Connection.php:231
Stack trace:
#0 D:\Tp_CI4\TP_Parcours\system\Database\BaseConnection.php(555): CodeIgniter\Database\MySQLi\Connection->connect(false)
#1 D:\Tp_CI4\TP_Parcours\system\Database\BaseConnection.php(795): CodeIgniter\Database\BaseConnection->initialize()
#2 D:\Tp_CI4\TP_Parcours\system\Database\BaseBuilder.php(1649): CodeIgniter\Database\BaseConnection->query('SELECT `Etudian...', Array, false)
#3 D:\Tp_CI4\TP_Parcours\system\Model.php(253): CodeIgniter\Database\BaseBuilder->get()
#4 D:\Tp_CI4\TP_Parcours\system\BaseModel.php(676): CodeIgniter\Model->doFindAll(0, 0)
#5 D:\Tp_CI4\TP_Parcours\app\Models\EtudiantModel.php(22): CodeIgniter\BaseModel->findAll()
#6 D:\Tp_CI4\TP_Parcours\app\Controllers\Etudiant.php(14): App\Models\EtudiantModel->getEtudiantsAvecInfos()
#7 D:\Tp_CI4\TP_Parcours\system\CodeIgniter.php(951): App\Controllers\Etudiant->saisieNote()
#8 D:\Tp_CI4\TP_Parcours\system\CodeIgniter.php(497): CodeIgniter\CodeIgniter->runController(Object(App\Controllers\Etudiant))
#9 D:\Tp_CI4\TP_Parcours\system\CodeIgniter.php(340): CodeIgniter\CodeIgniter->handleRequest(NULL, Object(Config\Cache), false)
#10 D:\Tp_CI4\TP_Parcours\system\Boot.php(417): CodeIgniter\CodeIgniter->run()
#11 D:\Tp_CI4\TP_Parcours\system\Boot.php(68): CodeIgniter\Boot::runCodeIgniter(Object(CodeIgniter\CodeIgniter))
#12 D:\Tp_CI4\TP_Parcours\public\index.php(59): CodeIgniter\Boot::bootWeb(Object(Config\Paths))
#13 D:\Tp_CI4\TP_Parcours\system\rewrite.php(44): require_once('D:\\Tp_CI4\\TP_Pa...')
#14 {main}
CRITICAL - 2026-04-29 07:30:22 --> CodeIgniter\Database\Exceptions\DatabaseException: Unable to connect to the database.
Main connection [MySQLi]: Access denied for user ''@'localhost' (using password: NO)
[Method: GET, Route: notes]
in SYSTEMPATH\Database\BaseConnection.php on line 606.
 1 SYSTEMPATH\Database\BaseConnection.php(795): CodeIgniter\Database\BaseConnection->initialize()
 2 SYSTEMPATH\Database\BaseBuilder.php(1649): CodeIgniter\Database\BaseConnection->query('SELECT `Etudiant`.`id`, `Etudiant`.`nom`, `Etudiant`.`prenom`, `Niveau`.`nom` AS `niveau`, `Parcours`.`nom` AS `parcours`
FROM `Etudiant`
LEFT JOIN `Niveau` ON `Niveau`.`id` = `Etudiant`.`id_niveau`
LEFT JOIN `Parcours` ON `Parcours`.`id` = `Etudiant`.`id_parcours`
ORDER BY `Etudiant`.`nom` ASC, `Etudiant`.`prenom` ASC', [], false)
 3 SYSTEMPATH\Model.php(253): CodeIgniter\Database\BaseBuilder->get()
 4 SYSTEMPATH\BaseModel.php(676): CodeIgniter\Model->doFindAll(0, 0)
 5 APPPATH\Models\EtudiantModel.php(22): CodeIgniter\BaseModel->findAll()
 6 APPPATH\Controllers\Etudiant.php(14): App\Models\EtudiantModel->getEtudiantsAvecInfos()
 7 SYSTEMPATH\CodeIgniter.php(951): App\Controllers\Etudiant->saisieNote()
 8 SYSTEMPATH\CodeIgniter.php(497): CodeIgniter\CodeIgniter->runController(Object(App\Controllers\Etudiant))
 9 SYSTEMPATH\CodeIgniter.php(340): CodeIgniter\CodeIgniter->handleRequest(null, Object(Config\Cache), false)
10 SYSTEMPATH\Boot.php(417): CodeIgniter\CodeIgniter->run()
11 SYSTEMPATH\Boot.php(68): CodeIgniter\Boot::runCodeIgniter(Object(CodeIgniter\CodeIgniter))
12 FCPATH\index.php(59): CodeIgniter\Boot::bootWeb(Object(Config\Paths))
13 SYSTEMPATH\rewrite.php(44): require_once('D:\\Tp_CI4\\TP_Parcours\\public\\index.php')
ERROR - 2026-04-29 08:37:51 --> Unknown column 'Développement' in 'on clause'
in SYSTEMPATH\Database\MySQLi\Connection.php on line 300.
 1 SYSTEMPATH\Database\MySQLi\Connection.php(300): mysqli->query('SELECT `Note`.`id`, `Note`.`note`, `Note`.`resultat`, `Matier`.`id` as `matier_id`, `Matier`.`code`, `Matier`.`nom`, `Matier`.`credits`, `Niveau`.`id` as `niveau_id`, `Niveau`.`nom` as `niveau_nom`
FROM `Note`
LEFT JOIN `Matier` ON `Matier`.`id` = `Note`.`id_matier`
LEFT JOIN `Programme` ON `Programme`.`id_matier` = `Matier`.`id` AND `Programme`.`id_parcours` = `Développement`
LEFT JOIN `Niveau` ON `Niveau`.`id` = `Programme`.`id_niveau`
WHERE `Note`.`id_etudiant` = 1', 0)
 2 SYSTEMPATH\Database\BaseConnection.php(910): CodeIgniter\Database\MySQLi\Connection->execute('SELECT `Note`.`id`, `Note`.`note`, `Note`.`resultat`, `Matier`.`id` as `matier_id`, `Matier`.`code`, `Matier`.`nom`, `Matier`.`credits`, `Niveau`.`id` as `niveau_id`, `Niveau`.`nom` as `niveau_nom`
FROM `Note`
LEFT JOIN `Matier` ON `Matier`.`id` = `Note`.`id_matier`
LEFT JOIN `Programme` ON `Programme`.`id_matier` = `Matier`.`id` AND `Programme`.`id_parcours` = `Développement`
LEFT JOIN `Niveau` ON `Niveau`.`id` = `Programme`.`id_niveau`
WHERE `Note`.`id_etudiant` = 1')
 3 SYSTEMPATH\Database\BaseConnection.php(827): CodeIgniter\Database\BaseConnection->simpleQuery('SELECT `Note`.`id`, `Note`.`note`, `Note`.`resultat`, `Matier`.`id` as `matier_id`, `Matier`.`code`, `Matier`.`nom`, `Matier`.`credits`, `Niveau`.`id` as `niveau_id`, `Niveau`.`nom` as `niveau_nom`
FROM `Note`
LEFT JOIN `Matier` ON `Matier`.`id` = `Note`.`id_matier`
LEFT JOIN `Programme` ON `Programme`.`id_matier` = `Matier`.`id` AND `Programme`.`id_parcours` = `Développement`
LEFT JOIN `Niveau` ON `Niveau`.`id` = `Programme`.`id_niveau`
WHERE `Note`.`id_etudiant` = 1')
 4 SYSTEMPATH\Database\BaseBuilder.php(1649): CodeIgniter\Database\BaseConnection->query('SELECT `Note`.`id`, `Note`.`note`, `Note`.`resultat`, `Matier`.`id` as `matier_id`, `Matier`.`code`, `Matier`.`nom`, `Matier`.`credits`, `Niveau`.`id` as `niveau_id`, `Niveau`.`nom` as `niveau_nom`
FROM `Note`
LEFT JOIN `Matier` ON `Matier`.`id` = `Note`.`id_matier`
LEFT JOIN `Programme` ON `Programme`.`id_matier` = `Matier`.`id` AND `Programme`.`id_parcours` = `Développement`
LEFT JOIN `Niveau` ON `Niveau`.`id` = `Programme`.`id_niveau`
WHERE `Note`.`id_etudiant` = :Note.id_etudiant:', [...], false)
 5 APPPATH\Models\EtudiantModel.php(59): CodeIgniter\Database\BaseBuilder->get()
 6 APPPATH\Controllers\Etudiant.php(62): App\Models\EtudiantModel->getReleveByIdEtudiant(1)
 7 SYSTEMPATH\CodeIgniter.php(951): App\Controllers\Etudiant->getNotes()
 8 SYSTEMPATH\CodeIgniter.php(497): CodeIgniter\CodeIgniter->runController(Object(App\Controllers\Etudiant))
 9 SYSTEMPATH\CodeIgniter.php(340): CodeIgniter\CodeIgniter->handleRequest(null, Object(Config\Cache), false)
10 SYSTEMPATH\Boot.php(417): CodeIgniter\CodeIgniter->run()
11 SYSTEMPATH\Boot.php(68): CodeIgniter\Boot::runCodeIgniter(Object(CodeIgniter\CodeIgniter))
12 FCPATH\index.php(59): CodeIgniter\Boot::bootWeb(Object(Config\Paths))
13 SYSTEMPATH\rewrite.php(44): require_once('D:\\Tp_CI4\\TP_Parcours\\public\\index.php')
CRITICAL - 2026-04-29 08:37:51 --> CodeIgniter\Database\Exceptions\DatabaseException: Unknown column 'Développement' in 'on clause'
[Method: GET, Route: notes/etudiant]
in SYSTEMPATH\Database\BaseConnection.php on line 865.
 1 SYSTEMPATH\Database\BaseBuilder.php(1649): CodeIgniter\Database\BaseConnection->query('SELECT `Note`.`id`, `Note`.`note`, `Note`.`resultat`, `Matier`.`id` as `matier_id`, `Matier`.`code`, `Matier`.`nom`, `Matier`.`credits`, `Niveau`.`id` as `niveau_id`, `Niveau`.`nom` as `niveau_nom`
FROM `Note`
LEFT JOIN `Matier` ON `Matier`.`id` = `Note`.`id_matier`
LEFT JOIN `Programme` ON `Programme`.`id_matier` = `Matier`.`id` AND `Programme`.`id_parcours` = `Développement`
LEFT JOIN `Niveau` ON `Niveau`.`id` = `Programme`.`id_niveau`
WHERE `Note`.`id_etudiant` = :Note.id_etudiant:', [...], false)
 2 APPPATH\Models\EtudiantModel.php(59): CodeIgniter\Database\BaseBuilder->get()
 3 APPPATH\Controllers\Etudiant.php(62): App\Models\EtudiantModel->getReleveByIdEtudiant(1)
 4 SYSTEMPATH\CodeIgniter.php(951): App\Controllers\Etudiant->getNotes()
 5 SYSTEMPATH\CodeIgniter.php(497): CodeIgniter\CodeIgniter->runController(Object(App\Controllers\Etudiant))
 6 SYSTEMPATH\CodeIgniter.php(340): CodeIgniter\CodeIgniter->handleRequest(null, Object(Config\Cache), false)
 7 SYSTEMPATH\Boot.php(417): CodeIgniter\CodeIgniter->run()
 8 SYSTEMPATH\Boot.php(68): CodeIgniter\Boot::runCodeIgniter(Object(CodeIgniter\CodeIgniter))
 9 FCPATH\index.php(59): CodeIgniter\Boot::bootWeb(Object(Config\Paths))
10 SYSTEMPATH\rewrite.php(44): require_once('D:\\Tp_CI4\\TP_Parcours\\public\\index.php')
CRITICAL - 2026-04-29 08:37:51 --> [Caused by] CodeIgniter\Database\Exceptions\DatabaseException: Unknown column 'Développement' in 'on clause'
in SYSTEMPATH\Database\MySQLi\Connection.php on line 310.
 1 SYSTEMPATH\Database\BaseConnection.php(910): CodeIgniter\Database\MySQLi\Connection->execute('SELECT `Note`.`id`, `Note`.`note`, `Note`.`resultat`, `Matier`.`id` as `matier_id`, `Matier`.`code`, `Matier`.`nom`, `Matier`.`credits`, `Niveau`.`id` as `niveau_id`, `Niveau`.`nom` as `niveau_nom`
FROM `Note`
LEFT JOIN `Matier` ON `Matier`.`id` = `Note`.`id_matier`
LEFT JOIN `Programme` ON `Programme`.`id_matier` = `Matier`.`id` AND `Programme`.`id_parcours` = `Développement`
LEFT JOIN `Niveau` ON `Niveau`.`id` = `Programme`.`id_niveau`
WHERE `Note`.`id_etudiant` = 1')
 2 SYSTEMPATH\Database\BaseConnection.php(827): CodeIgniter\Database\BaseConnection->simpleQuery('SELECT `Note`.`id`, `Note`.`note`, `Note`.`resultat`, `Matier`.`id` as `matier_id`, `Matier`.`code`, `Matier`.`nom`, `Matier`.`credits`, `Niveau`.`id` as `niveau_id`, `Niveau`.`nom` as `niveau_nom`
FROM `Note`
LEFT JOIN `Matier` ON `Matier`.`id` = `Note`.`id_matier`
LEFT JOIN `Programme` ON `Programme`.`id_matier` = `Matier`.`id` AND `Programme`.`id_parcours` = `Développement`
LEFT JOIN `Niveau` ON `Niveau`.`id` = `Programme`.`id_niveau`
WHERE `Note`.`id_etudiant` = 1')
 3 SYSTEMPATH\Database\BaseBuilder.php(1649): CodeIgniter\Database\BaseConnection->query('SELECT `Note`.`id`, `Note`.`note`, `Note`.`resultat`, `Matier`.`id` as `matier_id`, `Matier`.`code`, `Matier`.`nom`, `Matier`.`credits`, `Niveau`.`id` as `niveau_id`, `Niveau`.`nom` as `niveau_nom`
FROM `Note`
LEFT JOIN `Matier` ON `Matier`.`id` = `Note`.`id_matier`
LEFT JOIN `Programme` ON `Programme`.`id_matier` = `Matier`.`id` AND `Programme`.`id_parcours` = `Développement`
LEFT JOIN `Niveau` ON `Niveau`.`id` = `Programme`.`id_niveau`
WHERE `Note`.`id_etudiant` = :Note.id_etudiant:', [...], false)
 4 APPPATH\Models\EtudiantModel.php(59): CodeIgniter\Database\BaseBuilder->get()
 5 APPPATH\Controllers\Etudiant.php(62): App\Models\EtudiantModel->getReleveByIdEtudiant(1)
 6 SYSTEMPATH\CodeIgniter.php(951): App\Controllers\Etudiant->getNotes()
 7 SYSTEMPATH\CodeIgniter.php(497): CodeIgniter\CodeIgniter->runController(Object(App\Controllers\Etudiant))
 8 SYSTEMPATH\CodeIgniter.php(340): CodeIgniter\CodeIgniter->handleRequest(null, Object(Config\Cache), false)
 9 SYSTEMPATH\Boot.php(417): CodeIgniter\CodeIgniter->run()
10 SYSTEMPATH\Boot.php(68): CodeIgniter\Boot::runCodeIgniter(Object(CodeIgniter\CodeIgniter))
11 FCPATH\index.php(59): CodeIgniter\Boot::bootWeb(Object(Config\Paths))
12 SYSTEMPATH\rewrite.php(44): require_once('D:\\Tp_CI4\\TP_Parcours\\public\\index.php')
CRITICAL - 2026-04-29 08:37:51 --> [Caused by] mysqli_sql_exception: Unknown column 'Développement' in 'on clause'
in SYSTEMPATH\Database\MySQLi\Connection.php on line 300.
 1 SYSTEMPATH\Database\MySQLi\Connection.php(300): mysqli->query('SELECT `Note`.`id`, `Note`.`note`, `Note`.`resultat`, `Matier`.`id` as `matier_id`, `Matier`.`code`, `Matier`.`nom`, `Matier`.`credits`, `Niveau`.`id` as `niveau_id`, `Niveau`.`nom` as `niveau_nom`
FROM `Note`
LEFT JOIN `Matier` ON `Matier`.`id` = `Note`.`id_matier`
LEFT JOIN `Programme` ON `Programme`.`id_matier` = `Matier`.`id` AND `Programme`.`id_parcours` = `Développement`
LEFT JOIN `Niveau` ON `Niveau`.`id` = `Programme`.`id_niveau`
WHERE `Note`.`id_etudiant` = 1', 0)
 2 SYSTEMPATH\Database\BaseConnection.php(910): CodeIgniter\Database\MySQLi\Connection->execute('SELECT `Note`.`id`, `Note`.`note`, `Note`.`resultat`, `Matier`.`id` as `matier_id`, `Matier`.`code`, `Matier`.`nom`, `Matier`.`credits`, `Niveau`.`id` as `niveau_id`, `Niveau`.`nom` as `niveau_nom`
FROM `Note`
LEFT JOIN `Matier` ON `Matier`.`id` = `Note`.`id_matier`
LEFT JOIN `Programme` ON `Programme`.`id_matier` = `Matier`.`id` AND `Programme`.`id_parcours` = `Développement`
LEFT JOIN `Niveau` ON `Niveau`.`id` = `Programme`.`id_niveau`
WHERE `Note`.`id_etudiant` = 1')
 3 SYSTEMPATH\Database\BaseConnection.php(827): CodeIgniter\Database\BaseConnection->simpleQuery('SELECT `Note`.`id`, `Note`.`note`, `Note`.`resultat`, `Matier`.`id` as `matier_id`, `Matier`.`code`, `Matier`.`nom`, `Matier`.`credits`, `Niveau`.`id` as `niveau_id`, `Niveau`.`nom` as `niveau_nom`
FROM `Note`
LEFT JOIN `Matier` ON `Matier`.`id` = `Note`.`id_matier`
LEFT JOIN `Programme` ON `Programme`.`id_matier` = `Matier`.`id` AND `Programme`.`id_parcours` = `Développement`
LEFT JOIN `Niveau` ON `Niveau`.`id` = `Programme`.`id_niveau`
WHERE `Note`.`id_etudiant` = 1')
 4 SYSTEMPATH\Database\BaseBuilder.php(1649): CodeIgniter\Database\BaseConnection->query('SELECT `Note`.`id`, `Note`.`note`, `Note`.`resultat`, `Matier`.`id` as `matier_id`, `Matier`.`code`, `Matier`.`nom`, `Matier`.`credits`, `Niveau`.`id` as `niveau_id`, `Niveau`.`nom` as `niveau_nom`
FROM `Note`
LEFT JOIN `Matier` ON `Matier`.`id` = `Note`.`id_matier`
LEFT JOIN `Programme` ON `Programme`.`id_matier` = `Matier`.`id` AND `Programme`.`id_parcours` = `Développement`
LEFT JOIN `Niveau` ON `Niveau`.`id` = `Programme`.`id_niveau`
WHERE `Note`.`id_etudiant` = :Note.id_etudiant:', [...], false)
 5 APPPATH\Models\EtudiantModel.php(59): CodeIgniter\Database\BaseBuilder->get()
 6 APPPATH\Controllers\Etudiant.php(62): App\Models\EtudiantModel->getReleveByIdEtudiant(1)
 7 SYSTEMPATH\CodeIgniter.php(951): App\Controllers\Etudiant->getNotes()
 8 SYSTEMPATH\CodeIgniter.php(497): CodeIgniter\CodeIgniter->runController(Object(App\Controllers\Etudiant))
 9 SYSTEMPATH\CodeIgniter.php(340): CodeIgniter\CodeIgniter->handleRequest(null, Object(Config\Cache), false)
10 SYSTEMPATH\Boot.php(417): CodeIgniter\CodeIgniter->run()
11 SYSTEMPATH\Boot.php(68): CodeIgniter\Boot::runCodeIgniter(Object(CodeIgniter\CodeIgniter))
12 FCPATH\index.php(59): CodeIgniter\Boot::bootWeb(Object(Config\Paths))
13 SYSTEMPATH\rewrite.php(44): require_once('D:\\Tp_CI4\\TP_Parcours\\public\\index.php')
ERROR - 2026-04-29 08:38:01 --> Unknown column 'Développement' in 'on clause'
in SYSTEMPATH\Database\MySQLi\Connection.php on line 300.
 1 SYSTEMPATH\Database\MySQLi\Connection.php(300): mysqli->query('SELECT `Note`.`id`, `Note`.`note`, `Note`.`resultat`, `Matier`.`id` as `matier_id`, `Matier`.`code`, `Matier`.`nom`, `Matier`.`credits`, `Niveau`.`id` as `niveau_id`, `Niveau`.`nom` as `niveau_nom`
FROM `Note`
LEFT JOIN `Matier` ON `Matier`.`id` = `Note`.`id_matier`
LEFT JOIN `Programme` ON `Programme`.`id_matier` = `Matier`.`id` AND `Programme`.`id_parcours` = `Développement`
LEFT JOIN `Niveau` ON `Niveau`.`id` = `Programme`.`id_niveau`
WHERE `Note`.`id_etudiant` = 1', 0)
 2 SYSTEMPATH\Database\BaseConnection.php(910): CodeIgniter\Database\MySQLi\Connection->execute('SELECT `Note`.`id`, `Note`.`note`, `Note`.`resultat`, `Matier`.`id` as `matier_id`, `Matier`.`code`, `Matier`.`nom`, `Matier`.`credits`, `Niveau`.`id` as `niveau_id`, `Niveau`.`nom` as `niveau_nom`
FROM `Note`
LEFT JOIN `Matier` ON `Matier`.`id` = `Note`.`id_matier`
LEFT JOIN `Programme` ON `Programme`.`id_matier` = `Matier`.`id` AND `Programme`.`id_parcours` = `Développement`
LEFT JOIN `Niveau` ON `Niveau`.`id` = `Programme`.`id_niveau`
WHERE `Note`.`id_etudiant` = 1')
 3 SYSTEMPATH\Database\BaseConnection.php(827): CodeIgniter\Database\BaseConnection->simpleQuery('SELECT `Note`.`id`, `Note`.`note`, `Note`.`resultat`, `Matier`.`id` as `matier_id`, `Matier`.`code`, `Matier`.`nom`, `Matier`.`credits`, `Niveau`.`id` as `niveau_id`, `Niveau`.`nom` as `niveau_nom`
FROM `Note`
LEFT JOIN `Matier` ON `Matier`.`id` = `Note`.`id_matier`
LEFT JOIN `Programme` ON `Programme`.`id_matier` = `Matier`.`id` AND `Programme`.`id_parcours` = `Développement`
LEFT JOIN `Niveau` ON `Niveau`.`id` = `Programme`.`id_niveau`
WHERE `Note`.`id_etudiant` = 1')
 4 SYSTEMPATH\Database\BaseBuilder.php(1649): CodeIgniter\Database\BaseConnection->query('SELECT `Note`.`id`, `Note`.`note`, `Note`.`resultat`, `Matier`.`id` as `matier_id`, `Matier`.`code`, `Matier`.`nom`, `Matier`.`credits`, `Niveau`.`id` as `niveau_id`, `Niveau`.`nom` as `niveau_nom`
FROM `Note`
LEFT JOIN `Matier` ON `Matier`.`id` = `Note`.`id_matier`
LEFT JOIN `Programme` ON `Programme`.`id_matier` = `Matier`.`id` AND `Programme`.`id_parcours` = `Développement`
LEFT JOIN `Niveau` ON `Niveau`.`id` = `Programme`.`id_niveau`
WHERE `Note`.`id_etudiant` = :Note.id_etudiant:', [...], false)
 5 APPPATH\Models\EtudiantModel.php(59): CodeIgniter\Database\BaseBuilder->get()
 6 APPPATH\Controllers\Etudiant.php(62): App\Models\EtudiantModel->getReleveByIdEtudiant(1)
 7 SYSTEMPATH\CodeIgniter.php(951): App\Controllers\Etudiant->getNotes()
 8 SYSTEMPATH\CodeIgniter.php(497): CodeIgniter\CodeIgniter->runController(Object(App\Controllers\Etudiant))
 9 SYSTEMPATH\CodeIgniter.php(340): CodeIgniter\CodeIgniter->handleRequest(null, Object(Config\Cache), false)
10 SYSTEMPATH\Boot.php(417): CodeIgniter\CodeIgniter->run()
11 SYSTEMPATH\Boot.php(68): CodeIgniter\Boot::runCodeIgniter(Object(CodeIgniter\CodeIgniter))
12 FCPATH\index.php(59): CodeIgniter\Boot::bootWeb(Object(Config\Paths))
13 SYSTEMPATH\rewrite.php(44): require_once('D:\\Tp_CI4\\TP_Parcours\\public\\index.php')
CRITICAL - 2026-04-29 08:38:01 --> CodeIgniter\Database\Exceptions\DatabaseException: Unknown column 'Développement' in 'on clause'
[Method: GET, Route: notes/etudiant]
in SYSTEMPATH\Database\BaseConnection.php on line 865.
 1 SYSTEMPATH\Database\BaseBuilder.php(1649): CodeIgniter\Database\BaseConnection->query('SELECT `Note`.`id`, `Note`.`note`, `Note`.`resultat`, `Matier`.`id` as `matier_id`, `Matier`.`code`, `Matier`.`nom`, `Matier`.`credits`, `Niveau`.`id` as `niveau_id`, `Niveau`.`nom` as `niveau_nom`
FROM `Note`
LEFT JOIN `Matier` ON `Matier`.`id` = `Note`.`id_matier`
LEFT JOIN `Programme` ON `Programme`.`id_matier` = `Matier`.`id` AND `Programme`.`id_parcours` = `Développement`
LEFT JOIN `Niveau` ON `Niveau`.`id` = `Programme`.`id_niveau`
WHERE `Note`.`id_etudiant` = :Note.id_etudiant:', [...], false)
 2 APPPATH\Models\EtudiantModel.php(59): CodeIgniter\Database\BaseBuilder->get()
 3 APPPATH\Controllers\Etudiant.php(62): App\Models\EtudiantModel->getReleveByIdEtudiant(1)
 4 SYSTEMPATH\CodeIgniter.php(951): App\Controllers\Etudiant->getNotes()
 5 SYSTEMPATH\CodeIgniter.php(497): CodeIgniter\CodeIgniter->runController(Object(App\Controllers\Etudiant))
 6 SYSTEMPATH\CodeIgniter.php(340): CodeIgniter\CodeIgniter->handleRequest(null, Object(Config\Cache), false)
 7 SYSTEMPATH\Boot.php(417): CodeIgniter\CodeIgniter->run()
 8 SYSTEMPATH\Boot.php(68): CodeIgniter\Boot::runCodeIgniter(Object(CodeIgniter\CodeIgniter))
 9 FCPATH\index.php(59): CodeIgniter\Boot::bootWeb(Object(Config\Paths))
10 SYSTEMPATH\rewrite.php(44): require_once('D:\\Tp_CI4\\TP_Parcours\\public\\index.php')
CRITICAL - 2026-04-29 08:38:01 --> [Caused by] CodeIgniter\Database\Exceptions\DatabaseException: Unknown column 'Développement' in 'on clause'
in SYSTEMPATH\Database\MySQLi\Connection.php on line 310.
 1 SYSTEMPATH\Database\BaseConnection.php(910): CodeIgniter\Database\MySQLi\Connection->execute('SELECT `Note`.`id`, `Note`.`note`, `Note`.`resultat`, `Matier`.`id` as `matier_id`, `Matier`.`code`, `Matier`.`nom`, `Matier`.`credits`, `Niveau`.`id` as `niveau_id`, `Niveau`.`nom` as `niveau_nom`
FROM `Note`
LEFT JOIN `Matier` ON `Matier`.`id` = `Note`.`id_matier`
LEFT JOIN `Programme` ON `Programme`.`id_matier` = `Matier`.`id` AND `Programme`.`id_parcours` = `Développement`
LEFT JOIN `Niveau` ON `Niveau`.`id` = `Programme`.`id_niveau`
WHERE `Note`.`id_etudiant` = 1')
 2 SYSTEMPATH\Database\BaseConnection.php(827): CodeIgniter\Database\BaseConnection->simpleQuery('SELECT `Note`.`id`, `Note`.`note`, `Note`.`resultat`, `Matier`.`id` as `matier_id`, `Matier`.`code`, `Matier`.`nom`, `Matier`.`credits`, `Niveau`.`id` as `niveau_id`, `Niveau`.`nom` as `niveau_nom`
FROM `Note`
LEFT JOIN `Matier` ON `Matier`.`id` = `Note`.`id_matier`
LEFT JOIN `Programme` ON `Programme`.`id_matier` = `Matier`.`id` AND `Programme`.`id_parcours` = `Développement`
LEFT JOIN `Niveau` ON `Niveau`.`id` = `Programme`.`id_niveau`
WHERE `Note`.`id_etudiant` = 1')
 3 SYSTEMPATH\Database\BaseBuilder.php(1649): CodeIgniter\Database\BaseConnection->query('SELECT `Note`.`id`, `Note`.`note`, `Note`.`resultat`, `Matier`.`id` as `matier_id`, `Matier`.`code`, `Matier`.`nom`, `Matier`.`credits`, `Niveau`.`id` as `niveau_id`, `Niveau`.`nom` as `niveau_nom`
FROM `Note`
LEFT JOIN `Matier` ON `Matier`.`id` = `Note`.`id_matier`
LEFT JOIN `Programme` ON `Programme`.`id_matier` = `Matier`.`id` AND `Programme`.`id_parcours` = `Développement`
LEFT JOIN `Niveau` ON `Niveau`.`id` = `Programme`.`id_niveau`
WHERE `Note`.`id_etudiant` = :Note.id_etudiant:', [...], false)
 4 APPPATH\Models\EtudiantModel.php(59): CodeIgniter\Database\BaseBuilder->get()
 5 APPPATH\Controllers\Etudiant.php(62): App\Models\EtudiantModel->getReleveByIdEtudiant(1)
 6 SYSTEMPATH\CodeIgniter.php(951): App\Controllers\Etudiant->getNotes()
 7 SYSTEMPATH\CodeIgniter.php(497): CodeIgniter\CodeIgniter->runController(Object(App\Controllers\Etudiant))
 8 SYSTEMPATH\CodeIgniter.php(340): CodeIgniter\CodeIgniter->handleRequest(null, Object(Config\Cache), false)
 9 SYSTEMPATH\Boot.php(417): CodeIgniter\CodeIgniter->run()
10 SYSTEMPATH\Boot.php(68): CodeIgniter\Boot::runCodeIgniter(Object(CodeIgniter\CodeIgniter))
11 FCPATH\index.php(59): CodeIgniter\Boot::bootWeb(Object(Config\Paths))
12 SYSTEMPATH\rewrite.php(44): require_once('D:\\Tp_CI4\\TP_Parcours\\public\\index.php')
CRITICAL - 2026-04-29 08:38:01 --> [Caused by] mysqli_sql_exception: Unknown column 'Développement' in 'on clause'
in SYSTEMPATH\Database\MySQLi\Connection.php on line 300.
 1 SYSTEMPATH\Database\MySQLi\Connection.php(300): mysqli->query('SELECT `Note`.`id`, `Note`.`note`, `Note`.`resultat`, `Matier`.`id` as `matier_id`, `Matier`.`code`, `Matier`.`nom`, `Matier`.`credits`, `Niveau`.`id` as `niveau_id`, `Niveau`.`nom` as `niveau_nom`
FROM `Note`
LEFT JOIN `Matier` ON `Matier`.`id` = `Note`.`id_matier`
LEFT JOIN `Programme` ON `Programme`.`id_matier` = `Matier`.`id` AND `Programme`.`id_parcours` = `Développement`
LEFT JOIN `Niveau` ON `Niveau`.`id` = `Programme`.`id_niveau`
WHERE `Note`.`id_etudiant` = 1', 0)
 2 SYSTEMPATH\Database\BaseConnection.php(910): CodeIgniter\Database\MySQLi\Connection->execute('SELECT `Note`.`id`, `Note`.`note`, `Note`.`resultat`, `Matier`.`id` as `matier_id`, `Matier`.`code`, `Matier`.`nom`, `Matier`.`credits`, `Niveau`.`id` as `niveau_id`, `Niveau`.`nom` as `niveau_nom`
FROM `Note`
LEFT JOIN `Matier` ON `Matier`.`id` = `Note`.`id_matier`
LEFT JOIN `Programme` ON `Programme`.`id_matier` = `Matier`.`id` AND `Programme`.`id_parcours` = `Développement`
LEFT JOIN `Niveau` ON `Niveau`.`id` = `Programme`.`id_niveau`
WHERE `Note`.`id_etudiant` = 1')
 3 SYSTEMPATH\Database\BaseConnection.php(827): CodeIgniter\Database\BaseConnection->simpleQuery('SELECT `Note`.`id`, `Note`.`note`, `Note`.`resultat`, `Matier`.`id` as `matier_id`, `Matier`.`code`, `Matier`.`nom`, `Matier`.`credits`, `Niveau`.`id` as `niveau_id`, `Niveau`.`nom` as `niveau_nom`
FROM `Note`
LEFT JOIN `Matier` ON `Matier`.`id` = `Note`.`id_matier`
LEFT JOIN `Programme` ON `Programme`.`id_matier` = `Matier`.`id` AND `Programme`.`id_parcours` = `Développement`
LEFT JOIN `Niveau` ON `Niveau`.`id` = `Programme`.`id_niveau`
WHERE `Note`.`id_etudiant` = 1')
 4 SYSTEMPATH\Database\BaseBuilder.php(1649): CodeIgniter\Database\BaseConnection->query('SELECT `Note`.`id`, `Note`.`note`, `Note`.`resultat`, `Matier`.`id` as `matier_id`, `Matier`.`code`, `Matier`.`nom`, `Matier`.`credits`, `Niveau`.`id` as `niveau_id`, `Niveau`.`nom` as `niveau_nom`
FROM `Note`
LEFT JOIN `Matier` ON `Matier`.`id` = `Note`.`id_matier`
LEFT JOIN `Programme` ON `Programme`.`id_matier` = `Matier`.`id` AND `Programme`.`id_parcours` = `Développement`
LEFT JOIN `Niveau` ON `Niveau`.`id` = `Programme`.`id_niveau`
WHERE `Note`.`id_etudiant` = :Note.id_etudiant:', [...], false)
 5 APPPATH\Models\EtudiantModel.php(59): CodeIgniter\Database\BaseBuilder->get()
 6 APPPATH\Controllers\Etudiant.php(62): App\Models\EtudiantModel->getReleveByIdEtudiant(1)
 7 SYSTEMPATH\CodeIgniter.php(951): App\Controllers\Etudiant->getNotes()
 8 SYSTEMPATH\CodeIgniter.php(497): CodeIgniter\CodeIgniter->runController(Object(App\Controllers\Etudiant))
 9 SYSTEMPATH\CodeIgniter.php(340): CodeIgniter\CodeIgniter->handleRequest(null, Object(Config\Cache), false)
10 SYSTEMPATH\Boot.php(417): CodeIgniter\CodeIgniter->run()
11 SYSTEMPATH\Boot.php(68): CodeIgniter\Boot::runCodeIgniter(Object(CodeIgniter\CodeIgniter))
12 FCPATH\index.php(59): CodeIgniter\Boot::bootWeb(Object(Config\Paths))
13 SYSTEMPATH\rewrite.php(44): require_once('D:\\Tp_CI4\\TP_Parcours\\public\\index.php')
ERROR - 2026-04-29 08:38:22 --> Unknown column 'Développement' in 'on clause'
in SYSTEMPATH\Database\MySQLi\Connection.php on line 300.
 1 SYSTEMPATH\Database\MySQLi\Connection.php(300): mysqli->query('SELECT `Note`.`id`, `Note`.`note`, `Note`.`resultat`, `Matier`.`id` as `matier_id`, `Matier`.`code`, `Matier`.`nom`, `Matier`.`credits`, `Niveau`.`id` as `niveau_id`, `Niveau`.`nom` as `niveau_nom`
FROM `Note`
LEFT JOIN `Matier` ON `Matier`.`id` = `Note`.`id_matier`
LEFT JOIN `Programme` ON `Programme`.`id_matier` = `Matier`.`id` AND `Programme`.`id_parcours` = `Développement`
LEFT JOIN `Niveau` ON `Niveau`.`id` = `Programme`.`id_niveau`
WHERE `Note`.`id_etudiant` = 1', 0)
 2 SYSTEMPATH\Database\BaseConnection.php(910): CodeIgniter\Database\MySQLi\Connection->execute('SELECT `Note`.`id`, `Note`.`note`, `Note`.`resultat`, `Matier`.`id` as `matier_id`, `Matier`.`code`, `Matier`.`nom`, `Matier`.`credits`, `Niveau`.`id` as `niveau_id`, `Niveau`.`nom` as `niveau_nom`
FROM `Note`
LEFT JOIN `Matier` ON `Matier`.`id` = `Note`.`id_matier`
LEFT JOIN `Programme` ON `Programme`.`id_matier` = `Matier`.`id` AND `Programme`.`id_parcours` = `Développement`
LEFT JOIN `Niveau` ON `Niveau`.`id` = `Programme`.`id_niveau`
WHERE `Note`.`id_etudiant` = 1')
 3 SYSTEMPATH\Database\BaseConnection.php(827): CodeIgniter\Database\BaseConnection->simpleQuery('SELECT `Note`.`id`, `Note`.`note`, `Note`.`resultat`, `Matier`.`id` as `matier_id`, `Matier`.`code`, `Matier`.`nom`, `Matier`.`credits`, `Niveau`.`id` as `niveau_id`, `Niveau`.`nom` as `niveau_nom`
FROM `Note`
LEFT JOIN `Matier` ON `Matier`.`id` = `Note`.`id_matier`
LEFT JOIN `Programme` ON `Programme`.`id_matier` = `Matier`.`id` AND `Programme`.`id_parcours` = `Développement`
LEFT JOIN `Niveau` ON `Niveau`.`id` = `Programme`.`id_niveau`
WHERE `Note`.`id_etudiant` = 1')
 4 SYSTEMPATH\Database\BaseBuilder.php(1649): CodeIgniter\Database\BaseConnection->query('SELECT `Note`.`id`, `Note`.`note`, `Note`.`resultat`, `Matier`.`id` as `matier_id`, `Matier`.`code`, `Matier`.`nom`, `Matier`.`credits`, `Niveau`.`id` as `niveau_id`, `Niveau`.`nom` as `niveau_nom`
FROM `Note`
LEFT JOIN `Matier` ON `Matier`.`id` = `Note`.`id_matier`
LEFT JOIN `Programme` ON `Programme`.`id_matier` = `Matier`.`id` AND `Programme`.`id_parcours` = `Développement`
LEFT JOIN `Niveau` ON `Niveau`.`id` = `Programme`.`id_niveau`
WHERE `Note`.`id_etudiant` = :Note.id_etudiant:', [...], false)
 5 APPPATH\Models\EtudiantModel.php(59): CodeIgniter\Database\BaseBuilder->get()
 6 APPPATH\Controllers\Etudiant.php(62): App\Models\EtudiantModel->getReleveByIdEtudiant(1)
 7 SYSTEMPATH\CodeIgniter.php(951): App\Controllers\Etudiant->getNotes()
 8 SYSTEMPATH\CodeIgniter.php(497): CodeIgniter\CodeIgniter->runController(Object(App\Controllers\Etudiant))
 9 SYSTEMPATH\CodeIgniter.php(340): CodeIgniter\CodeIgniter->handleRequest(null, Object(Config\Cache), false)
10 SYSTEMPATH\Boot.php(417): CodeIgniter\CodeIgniter->run()
11 SYSTEMPATH\Boot.php(68): CodeIgniter\Boot::runCodeIgniter(Object(CodeIgniter\CodeIgniter))
12 FCPATH\index.php(59): CodeIgniter\Boot::bootWeb(Object(Config\Paths))
13 SYSTEMPATH\rewrite.php(44): require_once('D:\\Tp_CI4\\TP_Parcours\\public\\index.php')
CRITICAL - 2026-04-29 08:38:22 --> CodeIgniter\Database\Exceptions\DatabaseException: Unknown column 'Développement' in 'on clause'
[Method: GET, Route: notes/etudiant]
in SYSTEMPATH\Database\BaseConnection.php on line 865.
 1 SYSTEMPATH\Database\BaseBuilder.php(1649): CodeIgniter\Database\BaseConnection->query('SELECT `Note`.`id`, `Note`.`note`, `Note`.`resultat`, `Matier`.`id` as `matier_id`, `Matier`.`code`, `Matier`.`nom`, `Matier`.`credits`, `Niveau`.`id` as `niveau_id`, `Niveau`.`nom` as `niveau_nom`
FROM `Note`
LEFT JOIN `Matier` ON `Matier`.`id` = `Note`.`id_matier`
LEFT JOIN `Programme` ON `Programme`.`id_matier` = `Matier`.`id` AND `Programme`.`id_parcours` = `Développement`
LEFT JOIN `Niveau` ON `Niveau`.`id` = `Programme`.`id_niveau`
WHERE `Note`.`id_etudiant` = :Note.id_etudiant:', [...], false)
 2 APPPATH\Models\EtudiantModel.php(59): CodeIgniter\Database\BaseBuilder->get()
 3 APPPATH\Controllers\Etudiant.php(62): App\Models\EtudiantModel->getReleveByIdEtudiant(1)
 4 SYSTEMPATH\CodeIgniter.php(951): App\Controllers\Etudiant->getNotes()
 5 SYSTEMPATH\CodeIgniter.php(497): CodeIgniter\CodeIgniter->runController(Object(App\Controllers\Etudiant))
 6 SYSTEMPATH\CodeIgniter.php(340): CodeIgniter\CodeIgniter->handleRequest(null, Object(Config\Cache), false)
 7 SYSTEMPATH\Boot.php(417): CodeIgniter\CodeIgniter->run()
 8 SYSTEMPATH\Boot.php(68): CodeIgniter\Boot::runCodeIgniter(Object(CodeIgniter\CodeIgniter))
 9 FCPATH\index.php(59): CodeIgniter\Boot::bootWeb(Object(Config\Paths))
10 SYSTEMPATH\rewrite.php(44): require_once('D:\\Tp_CI4\\TP_Parcours\\public\\index.php')
CRITICAL - 2026-04-29 08:38:22 --> [Caused by] CodeIgniter\Database\Exceptions\DatabaseException: Unknown column 'Développement' in 'on clause'
in SYSTEMPATH\Database\MySQLi\Connection.php on line 310.
 1 SYSTEMPATH\Database\BaseConnection.php(910): CodeIgniter\Database\MySQLi\Connection->execute('SELECT `Note`.`id`, `Note`.`note`, `Note`.`resultat`, `Matier`.`id` as `matier_id`, `Matier`.`code`, `Matier`.`nom`, `Matier`.`credits`, `Niveau`.`id` as `niveau_id`, `Niveau`.`nom` as `niveau_nom`
FROM `Note`
LEFT JOIN `Matier` ON `Matier`.`id` = `Note`.`id_matier`
LEFT JOIN `Programme` ON `Programme`.`id_matier` = `Matier`.`id` AND `Programme`.`id_parcours` = `Développement`
LEFT JOIN `Niveau` ON `Niveau`.`id` = `Programme`.`id_niveau`
WHERE `Note`.`id_etudiant` = 1')
 2 SYSTEMPATH\Database\BaseConnection.php(827): CodeIgniter\Database\BaseConnection->simpleQuery('SELECT `Note`.`id`, `Note`.`note`, `Note`.`resultat`, `Matier`.`id` as `matier_id`, `Matier`.`code`, `Matier`.`nom`, `Matier`.`credits`, `Niveau`.`id` as `niveau_id`, `Niveau`.`nom` as `niveau_nom`
FROM `Note`
LEFT JOIN `Matier` ON `Matier`.`id` = `Note`.`id_matier`
LEFT JOIN `Programme` ON `Programme`.`id_matier` = `Matier`.`id` AND `Programme`.`id_parcours` = `Développement`
LEFT JOIN `Niveau` ON `Niveau`.`id` = `Programme`.`id_niveau`
WHERE `Note`.`id_etudiant` = 1')
 3 SYSTEMPATH\Database\BaseBuilder.php(1649): CodeIgniter\Database\BaseConnection->query('SELECT `Note`.`id`, `Note`.`note`, `Note`.`resultat`, `Matier`.`id` as `matier_id`, `Matier`.`code`, `Matier`.`nom`, `Matier`.`credits`, `Niveau`.`id` as `niveau_id`, `Niveau`.`nom` as `niveau_nom`
FROM `Note`
LEFT JOIN `Matier` ON `Matier`.`id` = `Note`.`id_matier`
LEFT JOIN `Programme` ON `Programme`.`id_matier` = `Matier`.`id` AND `Programme`.`id_parcours` = `Développement`
LEFT JOIN `Niveau` ON `Niveau`.`id` = `Programme`.`id_niveau`
WHERE `Note`.`id_etudiant` = :Note.id_etudiant:', [...], false)
 4 APPPATH\Models\EtudiantModel.php(59): CodeIgniter\Database\BaseBuilder->get()
 5 APPPATH\Controllers\Etudiant.php(62): App\Models\EtudiantModel->getReleveByIdEtudiant(1)
 6 SYSTEMPATH\CodeIgniter.php(951): App\Controllers\Etudiant->getNotes()
 7 SYSTEMPATH\CodeIgniter.php(497): CodeIgniter\CodeIgniter->runController(Object(App\Controllers\Etudiant))
 8 SYSTEMPATH\CodeIgniter.php(340): CodeIgniter\CodeIgniter->handleRequest(null, Object(Config\Cache), false)
 9 SYSTEMPATH\Boot.php(417): CodeIgniter\CodeIgniter->run()
10 SYSTEMPATH\Boot.php(68): CodeIgniter\Boot::runCodeIgniter(Object(CodeIgniter\CodeIgniter))
11 FCPATH\index.php(59): CodeIgniter\Boot::bootWeb(Object(Config\Paths))
12 SYSTEMPATH\rewrite.php(44): require_once('D:\\Tp_CI4\\TP_Parcours\\public\\index.php')
CRITICAL - 2026-04-29 08:38:22 --> [Caused by] mysqli_sql_exception: Unknown column 'Développement' in 'on clause'
in SYSTEMPATH\Database\MySQLi\Connection.php on line 300.
 1 SYSTEMPATH\Database\MySQLi\Connection.php(300): mysqli->query('SELECT `Note`.`id`, `Note`.`note`, `Note`.`resultat`, `Matier`.`id` as `matier_id`, `Matier`.`code`, `Matier`.`nom`, `Matier`.`credits`, `Niveau`.`id` as `niveau_id`, `Niveau`.`nom` as `niveau_nom`
FROM `Note`
LEFT JOIN `Matier` ON `Matier`.`id` = `Note`.`id_matier`
LEFT JOIN `Programme` ON `Programme`.`id_matier` = `Matier`.`id` AND `Programme`.`id_parcours` = `Développement`
LEFT JOIN `Niveau` ON `Niveau`.`id` = `Programme`.`id_niveau`
WHERE `Note`.`id_etudiant` = 1', 0)
 2 SYSTEMPATH\Database\BaseConnection.php(910): CodeIgniter\Database\MySQLi\Connection->execute('SELECT `Note`.`id`, `Note`.`note`, `Note`.`resultat`, `Matier`.`id` as `matier_id`, `Matier`.`code`, `Matier`.`nom`, `Matier`.`credits`, `Niveau`.`id` as `niveau_id`, `Niveau`.`nom` as `niveau_nom`
FROM `Note`
LEFT JOIN `Matier` ON `Matier`.`id` = `Note`.`id_matier`
LEFT JOIN `Programme` ON `Programme`.`id_matier` = `Matier`.`id` AND `Programme`.`id_parcours` = `Développement`
LEFT JOIN `Niveau` ON `Niveau`.`id` = `Programme`.`id_niveau`
WHERE `Note`.`id_etudiant` = 1')
 3 SYSTEMPATH\Database\BaseConnection.php(827): CodeIgniter\Database\BaseConnection->simpleQuery('SELECT `Note`.`id`, `Note`.`note`, `Note`.`resultat`, `Matier`.`id` as `matier_id`, `Matier`.`code`, `Matier`.`nom`, `Matier`.`credits`, `Niveau`.`id` as `niveau_id`, `Niveau`.`nom` as `niveau_nom`
FROM `Note`
LEFT JOIN `Matier` ON `Matier`.`id` = `Note`.`id_matier`
LEFT JOIN `Programme` ON `Programme`.`id_matier` = `Matier`.`id` AND `Programme`.`id_parcours` = `Développement`
LEFT JOIN `Niveau` ON `Niveau`.`id` = `Programme`.`id_niveau`
WHERE `Note`.`id_etudiant` = 1')
 4 SYSTEMPATH\Database\BaseBuilder.php(1649): CodeIgniter\Database\BaseConnection->query('SELECT `Note`.`id`, `Note`.`note`, `Note`.`resultat`, `Matier`.`id` as `matier_id`, `Matier`.`code`, `Matier`.`nom`, `Matier`.`credits`, `Niveau`.`id` as `niveau_id`, `Niveau`.`nom` as `niveau_nom`
FROM `Note`
LEFT JOIN `Matier` ON `Matier`.`id` = `Note`.`id_matier`
LEFT JOIN `Programme` ON `Programme`.`id_matier` = `Matier`.`id` AND `Programme`.`id_parcours` = `Développement`
LEFT JOIN `Niveau` ON `Niveau`.`id` = `Programme`.`id_niveau`
WHERE `Note`.`id_etudiant` = :Note.id_etudiant:', [...], false)
 5 APPPATH\Models\EtudiantModel.php(59): CodeIgniter\Database\BaseBuilder->get()
 6 APPPATH\Controllers\Etudiant.php(62): App\Models\EtudiantModel->getReleveByIdEtudiant(1)
 7 SYSTEMPATH\CodeIgniter.php(951): App\Controllers\Etudiant->getNotes()
 8 SYSTEMPATH\CodeIgniter.php(497): CodeIgniter\CodeIgniter->runController(Object(App\Controllers\Etudiant))
 9 SYSTEMPATH\CodeIgniter.php(340): CodeIgniter\CodeIgniter->handleRequest(null, Object(Config\Cache), false)
10 SYSTEMPATH\Boot.php(417): CodeIgniter\CodeIgniter->run()
11 SYSTEMPATH\Boot.php(68): CodeIgniter\Boot::runCodeIgniter(Object(CodeIgniter\CodeIgniter))
12 FCPATH\index.php(59): CodeIgniter\Boot::bootWeb(Object(Config\Paths))
13 SYSTEMPATH\rewrite.php(44): require_once('D:\\Tp_CI4\\TP_Parcours\\public\\index.php')
ERROR - 2026-04-29 08:41:11 --> Unknown column 'Commun' in 'on clause'
in SYSTEMPATH\Database\MySQLi\Connection.php on line 300.
 1 SYSTEMPATH\Database\MySQLi\Connection.php(300): mysqli->query('SELECT `Note`.`id`, `Note`.`note`, `Note`.`resultat`, `Matier`.`id` as `matier_id`, `Matier`.`code`, `Matier`.`nom`, `Matier`.`credits`, `Niveau`.`id` as `niveau_id`, `Niveau`.`nom` as `niveau_nom`
FROM `Note`
LEFT JOIN `Matier` ON `Matier`.`id` = `Note`.`id_matier`
LEFT JOIN `Programme` ON `Programme`.`id_matier` = `Matier`.`id` AND `Programme`.`id_parcours` = `Commun`
LEFT JOIN `Niveau` ON `Niveau`.`id` = `Programme`.`id_niveau`
WHERE `Note`.`id_etudiant` = 4', 0)
 2 SYSTEMPATH\Database\BaseConnection.php(910): CodeIgniter\Database\MySQLi\Connection->execute('SELECT `Note`.`id`, `Note`.`note`, `Note`.`resultat`, `Matier`.`id` as `matier_id`, `Matier`.`code`, `Matier`.`nom`, `Matier`.`credits`, `Niveau`.`id` as `niveau_id`, `Niveau`.`nom` as `niveau_nom`
FROM `Note`
LEFT JOIN `Matier` ON `Matier`.`id` = `Note`.`id_matier`
LEFT JOIN `Programme` ON `Programme`.`id_matier` = `Matier`.`id` AND `Programme`.`id_parcours` = `Commun`
LEFT JOIN `Niveau` ON `Niveau`.`id` = `Programme`.`id_niveau`
WHERE `Note`.`id_etudiant` = 4')
 3 SYSTEMPATH\Database\BaseConnection.php(827): CodeIgniter\Database\BaseConnection->simpleQuery('SELECT `Note`.`id`, `Note`.`note`, `Note`.`resultat`, `Matier`.`id` as `matier_id`, `Matier`.`code`, `Matier`.`nom`, `Matier`.`credits`, `Niveau`.`id` as `niveau_id`, `Niveau`.`nom` as `niveau_nom`
FROM `Note`
LEFT JOIN `Matier` ON `Matier`.`id` = `Note`.`id_matier`
LEFT JOIN `Programme` ON `Programme`.`id_matier` = `Matier`.`id` AND `Programme`.`id_parcours` = `Commun`
LEFT JOIN `Niveau` ON `Niveau`.`id` = `Programme`.`id_niveau`
WHERE `Note`.`id_etudiant` = 4')
 4 SYSTEMPATH\Database\BaseBuilder.php(1649): CodeIgniter\Database\BaseConnection->query('SELECT `Note`.`id`, `Note`.`note`, `Note`.`resultat`, `Matier`.`id` as `matier_id`, `Matier`.`code`, `Matier`.`nom`, `Matier`.`credits`, `Niveau`.`id` as `niveau_id`, `Niveau`.`nom` as `niveau_nom`
FROM `Note`
LEFT JOIN `Matier` ON `Matier`.`id` = `Note`.`id_matier`
LEFT JOIN `Programme` ON `Programme`.`id_matier` = `Matier`.`id` AND `Programme`.`id_parcours` = `Commun`
LEFT JOIN `Niveau` ON `Niveau`.`id` = `Programme`.`id_niveau`
WHERE `Note`.`id_etudiant` = :Note.id_etudiant:', [...], false)
 5 APPPATH\Models\EtudiantModel.php(59): CodeIgniter\Database\BaseBuilder->get()
 6 APPPATH\Controllers\Etudiant.php(62): App\Models\EtudiantModel->getReleveByIdEtudiant(4)
 7 SYSTEMPATH\CodeIgniter.php(951): App\Controllers\Etudiant->getNotes()
 8 SYSTEMPATH\CodeIgniter.php(497): CodeIgniter\CodeIgniter->runController(Object(App\Controllers\Etudiant))
 9 SYSTEMPATH\CodeIgniter.php(340): CodeIgniter\CodeIgniter->handleRequest(null, Object(Config\Cache), false)
10 SYSTEMPATH\Boot.php(417): CodeIgniter\CodeIgniter->run()
11 SYSTEMPATH\Boot.php(68): CodeIgniter\Boot::runCodeIgniter(Object(CodeIgniter\CodeIgniter))
12 FCPATH\index.php(59): CodeIgniter\Boot::bootWeb(Object(Config\Paths))
13 SYSTEMPATH\rewrite.php(44): require_once('D:\\Tp_CI4\\TP_Parcours\\public\\index.php')
CRITICAL - 2026-04-29 08:41:11 --> CodeIgniter\Database\Exceptions\DatabaseException: Unknown column 'Commun' in 'on clause'
[Method: GET, Route: notes/etudiant]
in SYSTEMPATH\Database\BaseConnection.php on line 865.
 1 SYSTEMPATH\Database\BaseBuilder.php(1649): CodeIgniter\Database\BaseConnection->query('SELECT `Note`.`id`, `Note`.`note`, `Note`.`resultat`, `Matier`.`id` as `matier_id`, `Matier`.`code`, `Matier`.`nom`, `Matier`.`credits`, `Niveau`.`id` as `niveau_id`, `Niveau`.`nom` as `niveau_nom`
FROM `Note`
LEFT JOIN `Matier` ON `Matier`.`id` = `Note`.`id_matier`
LEFT JOIN `Programme` ON `Programme`.`id_matier` = `Matier`.`id` AND `Programme`.`id_parcours` = `Commun`
LEFT JOIN `Niveau` ON `Niveau`.`id` = `Programme`.`id_niveau`
WHERE `Note`.`id_etudiant` = :Note.id_etudiant:', [...], false)
 2 APPPATH\Models\EtudiantModel.php(59): CodeIgniter\Database\BaseBuilder->get()
 3 APPPATH\Controllers\Etudiant.php(62): App\Models\EtudiantModel->getReleveByIdEtudiant(4)
 4 SYSTEMPATH\CodeIgniter.php(951): App\Controllers\Etudiant->getNotes()
 5 SYSTEMPATH\CodeIgniter.php(497): CodeIgniter\CodeIgniter->runController(Object(App\Controllers\Etudiant))
 6 SYSTEMPATH\CodeIgniter.php(340): CodeIgniter\CodeIgniter->handleRequest(null, Object(Config\Cache), false)
 7 SYSTEMPATH\Boot.php(417): CodeIgniter\CodeIgniter->run()
 8 SYSTEMPATH\Boot.php(68): CodeIgniter\Boot::runCodeIgniter(Object(CodeIgniter\CodeIgniter))
 9 FCPATH\index.php(59): CodeIgniter\Boot::bootWeb(Object(Config\Paths))
10 SYSTEMPATH\rewrite.php(44): require_once('D:\\Tp_CI4\\TP_Parcours\\public\\index.php')
CRITICAL - 2026-04-29 08:41:11 --> [Caused by] CodeIgniter\Database\Exceptions\DatabaseException: Unknown column 'Commun' in 'on clause'
in SYSTEMPATH\Database\MySQLi\Connection.php on line 310.
 1 SYSTEMPATH\Database\BaseConnection.php(910): CodeIgniter\Database\MySQLi\Connection->execute('SELECT `Note`.`id`, `Note`.`note`, `Note`.`resultat`, `Matier`.`id` as `matier_id`, `Matier`.`code`, `Matier`.`nom`, `Matier`.`credits`, `Niveau`.`id` as `niveau_id`, `Niveau`.`nom` as `niveau_nom`
FROM `Note`
LEFT JOIN `Matier` ON `Matier`.`id` = `Note`.`id_matier`
LEFT JOIN `Programme` ON `Programme`.`id_matier` = `Matier`.`id` AND `Programme`.`id_parcours` = `Commun`
LEFT JOIN `Niveau` ON `Niveau`.`id` = `Programme`.`id_niveau`
WHERE `Note`.`id_etudiant` = 4')
 2 SYSTEMPATH\Database\BaseConnection.php(827): CodeIgniter\Database\BaseConnection->simpleQuery('SELECT `Note`.`id`, `Note`.`note`, `Note`.`resultat`, `Matier`.`id` as `matier_id`, `Matier`.`code`, `Matier`.`nom`, `Matier`.`credits`, `Niveau`.`id` as `niveau_id`, `Niveau`.`nom` as `niveau_nom`
FROM `Note`
LEFT JOIN `Matier` ON `Matier`.`id` = `Note`.`id_matier`
LEFT JOIN `Programme` ON `Programme`.`id_matier` = `Matier`.`id` AND `Programme`.`id_parcours` = `Commun`
LEFT JOIN `Niveau` ON `Niveau`.`id` = `Programme`.`id_niveau`
WHERE `Note`.`id_etudiant` = 4')
 3 SYSTEMPATH\Database\BaseBuilder.php(1649): CodeIgniter\Database\BaseConnection->query('SELECT `Note`.`id`, `Note`.`note`, `Note`.`resultat`, `Matier`.`id` as `matier_id`, `Matier`.`code`, `Matier`.`nom`, `Matier`.`credits`, `Niveau`.`id` as `niveau_id`, `Niveau`.`nom` as `niveau_nom`
FROM `Note`
LEFT JOIN `Matier` ON `Matier`.`id` = `Note`.`id_matier`
LEFT JOIN `Programme` ON `Programme`.`id_matier` = `Matier`.`id` AND `Programme`.`id_parcours` = `Commun`
LEFT JOIN `Niveau` ON `Niveau`.`id` = `Programme`.`id_niveau`
WHERE `Note`.`id_etudiant` = :Note.id_etudiant:', [...], false)
 4 APPPATH\Models\EtudiantModel.php(59): CodeIgniter\Database\BaseBuilder->get()
 5 APPPATH\Controllers\Etudiant.php(62): App\Models\EtudiantModel->getReleveByIdEtudiant(4)
 6 SYSTEMPATH\CodeIgniter.php(951): App\Controllers\Etudiant->getNotes()
 7 SYSTEMPATH\CodeIgniter.php(497): CodeIgniter\CodeIgniter->runController(Object(App\Controllers\Etudiant))
 8 SYSTEMPATH\CodeIgniter.php(340): CodeIgniter\CodeIgniter->handleRequest(null, Object(Config\Cache), false)
 9 SYSTEMPATH\Boot.php(417): CodeIgniter\CodeIgniter->run()
10 SYSTEMPATH\Boot.php(68): CodeIgniter\Boot::runCodeIgniter(Object(CodeIgniter\CodeIgniter))
11 FCPATH\index.php(59): CodeIgniter\Boot::bootWeb(Object(Config\Paths))
12 SYSTEMPATH\rewrite.php(44): require_once('D:\\Tp_CI4\\TP_Parcours\\public\\index.php')
CRITICAL - 2026-04-29 08:41:11 --> [Caused by] mysqli_sql_exception: Unknown column 'Commun' in 'on clause'
in SYSTEMPATH\Database\MySQLi\Connection.php on line 300.
 1 SYSTEMPATH\Database\MySQLi\Connection.php(300): mysqli->query('SELECT `Note`.`id`, `Note`.`note`, `Note`.`resultat`, `Matier`.`id` as `matier_id`, `Matier`.`code`, `Matier`.`nom`, `Matier`.`credits`, `Niveau`.`id` as `niveau_id`, `Niveau`.`nom` as `niveau_nom`
FROM `Note`
LEFT JOIN `Matier` ON `Matier`.`id` = `Note`.`id_matier`
LEFT JOIN `Programme` ON `Programme`.`id_matier` = `Matier`.`id` AND `Programme`.`id_parcours` = `Commun`
LEFT JOIN `Niveau` ON `Niveau`.`id` = `Programme`.`id_niveau`
WHERE `Note`.`id_etudiant` = 4', 0)
 2 SYSTEMPATH\Database\BaseConnection.php(910): CodeIgniter\Database\MySQLi\Connection->execute('SELECT `Note`.`id`, `Note`.`note`, `Note`.`resultat`, `Matier`.`id` as `matier_id`, `Matier`.`code`, `Matier`.`nom`, `Matier`.`credits`, `Niveau`.`id` as `niveau_id`, `Niveau`.`nom` as `niveau_nom`
FROM `Note`
LEFT JOIN `Matier` ON `Matier`.`id` = `Note`.`id_matier`
LEFT JOIN `Programme` ON `Programme`.`id_matier` = `Matier`.`id` AND `Programme`.`id_parcours` = `Commun`
LEFT JOIN `Niveau` ON `Niveau`.`id` = `Programme`.`id_niveau`
WHERE `Note`.`id_etudiant` = 4')
 3 SYSTEMPATH\Database\BaseConnection.php(827): CodeIgniter\Database\BaseConnection->simpleQuery('SELECT `Note`.`id`, `Note`.`note`, `Note`.`resultat`, `Matier`.`id` as `matier_id`, `Matier`.`code`, `Matier`.`nom`, `Matier`.`credits`, `Niveau`.`id` as `niveau_id`, `Niveau`.`nom` as `niveau_nom`
FROM `Note`
LEFT JOIN `Matier` ON `Matier`.`id` = `Note`.`id_matier`
LEFT JOIN `Programme` ON `Programme`.`id_matier` = `Matier`.`id` AND `Programme`.`id_parcours` = `Commun`
LEFT JOIN `Niveau` ON `Niveau`.`id` = `Programme`.`id_niveau`
WHERE `Note`.`id_etudiant` = 4')
 4 SYSTEMPATH\Database\BaseBuilder.php(1649): CodeIgniter\Database\BaseConnection->query('SELECT `Note`.`id`, `Note`.`note`, `Note`.`resultat`, `Matier`.`id` as `matier_id`, `Matier`.`code`, `Matier`.`nom`, `Matier`.`credits`, `Niveau`.`id` as `niveau_id`, `Niveau`.`nom` as `niveau_nom`
FROM `Note`
LEFT JOIN `Matier` ON `Matier`.`id` = `Note`.`id_matier`
LEFT JOIN `Programme` ON `Programme`.`id_matier` = `Matier`.`id` AND `Programme`.`id_parcours` = `Commun`
LEFT JOIN `Niveau` ON `Niveau`.`id` = `Programme`.`id_niveau`
WHERE `Note`.`id_etudiant` = :Note.id_etudiant:', [...], false)
 5 APPPATH\Models\EtudiantModel.php(59): CodeIgniter\Database\BaseBuilder->get()
 6 APPPATH\Controllers\Etudiant.php(62): App\Models\EtudiantModel->getReleveByIdEtudiant(4)
 7 SYSTEMPATH\CodeIgniter.php(951): App\Controllers\Etudiant->getNotes()
 8 SYSTEMPATH\CodeIgniter.php(497): CodeIgniter\CodeIgniter->runController(Object(App\Controllers\Etudiant))
 9 SYSTEMPATH\CodeIgniter.php(340): CodeIgniter\CodeIgniter->handleRequest(null, Object(Config\Cache), false)
10 SYSTEMPATH\Boot.php(417): CodeIgniter\CodeIgniter->run()
11 SYSTEMPATH\Boot.php(68): CodeIgniter\Boot::runCodeIgniter(Object(CodeIgniter\CodeIgniter))
12 FCPATH\index.php(59): CodeIgniter\Boot::bootWeb(Object(Config\Paths))
13 SYSTEMPATH\rewrite.php(44): require_once('D:\\Tp_CI4\\TP_Parcours\\public\\index.php')
ERROR - 2026-04-29 08:42:27 --> You have an error in your SQL syntax; check the manual that corresponds to your MariaDB server version for the right syntax to use near '`Réseaux`
LEFT JOIN `Niveau` ON `Niveau`.`id` = `Programme`.`id_niveau`
WHER...' at line 4
in SYSTEMPATH\Database\MySQLi\Connection.php on line 300.
 1 SYSTEMPATH\Database\MySQLi\Connection.php(300): mysqli->query('SELECT `Note`.`id`, `Note`.`note`, `Note`.`resultat`, `Matier`.`id` as `matier_id`, `Matier`.`code`, `Matier`.`nom`, `Matier`.`credits`, `Niveau`.`id` as `niveau_id`, `Niveau`.`nom` as `niveau_nom`
FROM `Note`
LEFT JOIN `Matier` ON `Matier`.`id` = `Note`.`id_matier`
LEFT JOIN `Programme` ON `Programme`.`id_matier` = `Matier`.`id` AND `Programme`.`id_parcours` = `Bases de Données et` `Réseaux`
LEFT JOIN `Niveau` ON `Niveau`.`id` = `Programme`.`id_niveau`
WHERE `Note`.`id_etudiant` = 3', 0)
 2 SYSTEMPATH\Database\BaseConnection.php(910): CodeIgniter\Database\MySQLi\Connection->execute('SELECT `Note`.`id`, `Note`.`note`, `Note`.`resultat`, `Matier`.`id` as `matier_id`, `Matier`.`code`, `Matier`.`nom`, `Matier`.`credits`, `Niveau`.`id` as `niveau_id`, `Niveau`.`nom` as `niveau_nom`
FROM `Note`
LEFT JOIN `Matier` ON `Matier`.`id` = `Note`.`id_matier`
LEFT JOIN `Programme` ON `Programme`.`id_matier` = `Matier`.`id` AND `Programme`.`id_parcours` = `Bases de Données et` `Réseaux`
LEFT JOIN `Niveau` ON `Niveau`.`id` = `Programme`.`id_niveau`
WHERE `Note`.`id_etudiant` = 3')
 3 SYSTEMPATH\Database\BaseConnection.php(827): CodeIgniter\Database\BaseConnection->simpleQuery('SELECT `Note`.`id`, `Note`.`note`, `Note`.`resultat`, `Matier`.`id` as `matier_id`, `Matier`.`code`, `Matier`.`nom`, `Matier`.`credits`, `Niveau`.`id` as `niveau_id`, `Niveau`.`nom` as `niveau_nom`
FROM `Note`
LEFT JOIN `Matier` ON `Matier`.`id` = `Note`.`id_matier`
LEFT JOIN `Programme` ON `Programme`.`id_matier` = `Matier`.`id` AND `Programme`.`id_parcours` = `Bases de Données et` `Réseaux`
LEFT JOIN `Niveau` ON `Niveau`.`id` = `Programme`.`id_niveau`
WHERE `Note`.`id_etudiant` = 3')
 4 SYSTEMPATH\Database\BaseBuilder.php(1649): CodeIgniter\Database\BaseConnection->query('SELECT `Note`.`id`, `Note`.`note`, `Note`.`resultat`, `Matier`.`id` as `matier_id`, `Matier`.`code`, `Matier`.`nom`, `Matier`.`credits`, `Niveau`.`id` as `niveau_id`, `Niveau`.`nom` as `niveau_nom`
FROM `Note`
LEFT JOIN `Matier` ON `Matier`.`id` = `Note`.`id_matier`
LEFT JOIN `Programme` ON `Programme`.`id_matier` = `Matier`.`id` AND `Programme`.`id_parcours` = `Bases de Données et` `Réseaux`
LEFT JOIN `Niveau` ON `Niveau`.`id` = `Programme`.`id_niveau`
WHERE `Note`.`id_etudiant` = :Note.id_etudiant:', [...], false)
 5 APPPATH\Models\EtudiantModel.php(59): CodeIgniter\Database\BaseBuilder->get()
 6 APPPATH\Controllers\Etudiant.php(62): App\Models\EtudiantModel->getReleveByIdEtudiant(3)
 7 SYSTEMPATH\CodeIgniter.php(951): App\Controllers\Etudiant->getNotes()
 8 SYSTEMPATH\CodeIgniter.php(497): CodeIgniter\CodeIgniter->runController(Object(App\Controllers\Etudiant))
 9 SYSTEMPATH\CodeIgniter.php(340): CodeIgniter\CodeIgniter->handleRequest(null, Object(Config\Cache), false)
10 SYSTEMPATH\Boot.php(417): CodeIgniter\CodeIgniter->run()
11 SYSTEMPATH\Boot.php(68): CodeIgniter\Boot::runCodeIgniter(Object(CodeIgniter\CodeIgniter))
12 FCPATH\index.php(59): CodeIgniter\Boot::bootWeb(Object(Config\Paths))
13 SYSTEMPATH\rewrite.php(44): require_once('D:\\Tp_CI4\\TP_Parcours\\public\\index.php')
CRITICAL - 2026-04-29 08:42:27 --> CodeIgniter\Database\Exceptions\DatabaseException: You have an error in your SQL syntax; check the manual that corresponds to your MariaDB server version for the right syntax to use near '`Réseaux`
LEFT JOIN `Niveau` ON `Niveau`.`id` = `Programme`.`id_niveau`
WHER...' at line 4
[Method: GET, Route: notes/etudiant]
in SYSTEMPATH\Database\BaseConnection.php on line 865.
 1 SYSTEMPATH\Database\BaseBuilder.php(1649): CodeIgniter\Database\BaseConnection->query('SELECT `Note`.`id`, `Note`.`note`, `Note`.`resultat`, `Matier`.`id` as `matier_id`, `Matier`.`code`, `Matier`.`nom`, `Matier`.`credits`, `Niveau`.`id` as `niveau_id`, `Niveau`.`nom` as `niveau_nom`
FROM `Note`
LEFT JOIN `Matier` ON `Matier`.`id` = `Note`.`id_matier`
LEFT JOIN `Programme` ON `Programme`.`id_matier` = `Matier`.`id` AND `Programme`.`id_parcours` = `Bases de Données et` `Réseaux`
LEFT JOIN `Niveau` ON `Niveau`.`id` = `Programme`.`id_niveau`
WHERE `Note`.`id_etudiant` = :Note.id_etudiant:', [...], false)
 2 APPPATH\Models\EtudiantModel.php(59): CodeIgniter\Database\BaseBuilder->get()
 3 APPPATH\Controllers\Etudiant.php(62): App\Models\EtudiantModel->getReleveByIdEtudiant(3)
 4 SYSTEMPATH\CodeIgniter.php(951): App\Controllers\Etudiant->getNotes()
 5 SYSTEMPATH\CodeIgniter.php(497): CodeIgniter\CodeIgniter->runController(Object(App\Controllers\Etudiant))
 6 SYSTEMPATH\CodeIgniter.php(340): CodeIgniter\CodeIgniter->handleRequest(null, Object(Config\Cache), false)
 7 SYSTEMPATH\Boot.php(417): CodeIgniter\CodeIgniter->run()
 8 SYSTEMPATH\Boot.php(68): CodeIgniter\Boot::runCodeIgniter(Object(CodeIgniter\CodeIgniter))
 9 FCPATH\index.php(59): CodeIgniter\Boot::bootWeb(Object(Config\Paths))
10 SYSTEMPATH\rewrite.php(44): require_once('D:\\Tp_CI4\\TP_Parcours\\public\\index.php')
CRITICAL - 2026-04-29 08:42:27 --> [Caused by] CodeIgniter\Database\Exceptions\DatabaseException: You have an error in your SQL syntax; check the manual that corresponds to your MariaDB server version for the right syntax to use near '`Réseaux`
LEFT JOIN `Niveau` ON `Niveau`.`id` = `Programme`.`id_niveau`
WHER...' at line 4
in SYSTEMPATH\Database\MySQLi\Connection.php on line 310.
 1 SYSTEMPATH\Database\BaseConnection.php(910): CodeIgniter\Database\MySQLi\Connection->execute('SELECT `Note`.`id`, `Note`.`note`, `Note`.`resultat`, `Matier`.`id` as `matier_id`, `Matier`.`code`, `Matier`.`nom`, `Matier`.`credits`, `Niveau`.`id` as `niveau_id`, `Niveau`.`nom` as `niveau_nom`
FROM `Note`
LEFT JOIN `Matier` ON `Matier`.`id` = `Note`.`id_matier`
LEFT JOIN `Programme` ON `Programme`.`id_matier` = `Matier`.`id` AND `Programme`.`id_parcours` = `Bases de Données et` `Réseaux`
LEFT JOIN `Niveau` ON `Niveau`.`id` = `Programme`.`id_niveau`
WHERE `Note`.`id_etudiant` = 3')
 2 SYSTEMPATH\Database\BaseConnection.php(827): CodeIgniter\Database\BaseConnection->simpleQuery('SELECT `Note`.`id`, `Note`.`note`, `Note`.`resultat`, `Matier`.`id` as `matier_id`, `Matier`.`code`, `Matier`.`nom`, `Matier`.`credits`, `Niveau`.`id` as `niveau_id`, `Niveau`.`nom` as `niveau_nom`
FROM `Note`
LEFT JOIN `Matier` ON `Matier`.`id` = `Note`.`id_matier`
LEFT JOIN `Programme` ON `Programme`.`id_matier` = `Matier`.`id` AND `Programme`.`id_parcours` = `Bases de Données et` `Réseaux`
LEFT JOIN `Niveau` ON `Niveau`.`id` = `Programme`.`id_niveau`
WHERE `Note`.`id_etudiant` = 3')
 3 SYSTEMPATH\Database\BaseBuilder.php(1649): CodeIgniter\Database\BaseConnection->query('SELECT `Note`.`id`, `Note`.`note`, `Note`.`resultat`, `Matier`.`id` as `matier_id`, `Matier`.`code`, `Matier`.`nom`, `Matier`.`credits`, `Niveau`.`id` as `niveau_id`, `Niveau`.`nom` as `niveau_nom`
FROM `Note`
LEFT JOIN `Matier` ON `Matier`.`id` = `Note`.`id_matier`
LEFT JOIN `Programme` ON `Programme`.`id_matier` = `Matier`.`id` AND `Programme`.`id_parcours` = `Bases de Données et` `Réseaux`
LEFT JOIN `Niveau` ON `Niveau`.`id` = `Programme`.`id_niveau`
WHERE `Note`.`id_etudiant` = :Note.id_etudiant:', [...], false)
 4 APPPATH\Models\EtudiantModel.php(59): CodeIgniter\Database\BaseBuilder->get()
 5 APPPATH\Controllers\Etudiant.php(62): App\Models\EtudiantModel->getReleveByIdEtudiant(3)
 6 SYSTEMPATH\CodeIgniter.php(951): App\Controllers\Etudiant->getNotes()
 7 SYSTEMPATH\CodeIgniter.php(497): CodeIgniter\CodeIgniter->runController(Object(App\Controllers\Etudiant))
 8 SYSTEMPATH\CodeIgniter.php(340): CodeIgniter\CodeIgniter->handleRequest(null, Object(Config\Cache), false)
 9 SYSTEMPATH\Boot.php(417): CodeIgniter\CodeIgniter->run()
10 SYSTEMPATH\Boot.php(68): CodeIgniter\Boot::runCodeIgniter(Object(CodeIgniter\CodeIgniter))
11 FCPATH\index.php(59): CodeIgniter\Boot::bootWeb(Object(Config\Paths))
12 SYSTEMPATH\rewrite.php(44): require_once('D:\\Tp_CI4\\TP_Parcours\\public\\index.php')
CRITICAL - 2026-04-29 08:42:27 --> [Caused by] mysqli_sql_exception: You have an error in your SQL syntax; check the manual that corresponds to your MariaDB server version for the right syntax to use near '`Réseaux`
LEFT JOIN `Niveau` ON `Niveau`.`id` = `Programme`.`id_niveau`
WHER...' at line 4
in SYSTEMPATH\Database\MySQLi\Connection.php on line 300.
 1 SYSTEMPATH\Database\MySQLi\Connection.php(300): mysqli->query('SELECT `Note`.`id`, `Note`.`note`, `Note`.`resultat`, `Matier`.`id` as `matier_id`, `Matier`.`code`, `Matier`.`nom`, `Matier`.`credits`, `Niveau`.`id` as `niveau_id`, `Niveau`.`nom` as `niveau_nom`
FROM `Note`
LEFT JOIN `Matier` ON `Matier`.`id` = `Note`.`id_matier`
LEFT JOIN `Programme` ON `Programme`.`id_matier` = `Matier`.`id` AND `Programme`.`id_parcours` = `Bases de Données et` `Réseaux`
LEFT JOIN `Niveau` ON `Niveau`.`id` = `Programme`.`id_niveau`
WHERE `Note`.`id_etudiant` = 3', 0)
 2 SYSTEMPATH\Database\BaseConnection.php(910): CodeIgniter\Database\MySQLi\Connection->execute('SELECT `Note`.`id`, `Note`.`note`, `Note`.`resultat`, `Matier`.`id` as `matier_id`, `Matier`.`code`, `Matier`.`nom`, `Matier`.`credits`, `Niveau`.`id` as `niveau_id`, `Niveau`.`nom` as `niveau_nom`
FROM `Note`
LEFT JOIN `Matier` ON `Matier`.`id` = `Note`.`id_matier`
LEFT JOIN `Programme` ON `Programme`.`id_matier` = `Matier`.`id` AND `Programme`.`id_parcours` = `Bases de Données et` `Réseaux`
LEFT JOIN `Niveau` ON `Niveau`.`id` = `Programme`.`id_niveau`
WHERE `Note`.`id_etudiant` = 3')
 3 SYSTEMPATH\Database\BaseConnection.php(827): CodeIgniter\Database\BaseConnection->simpleQuery('SELECT `Note`.`id`, `Note`.`note`, `Note`.`resultat`, `Matier`.`id` as `matier_id`, `Matier`.`code`, `Matier`.`nom`, `Matier`.`credits`, `Niveau`.`id` as `niveau_id`, `Niveau`.`nom` as `niveau_nom`
FROM `Note`
LEFT JOIN `Matier` ON `Matier`.`id` = `Note`.`id_matier`
LEFT JOIN `Programme` ON `Programme`.`id_matier` = `Matier`.`id` AND `Programme`.`id_parcours` = `Bases de Données et` `Réseaux`
LEFT JOIN `Niveau` ON `Niveau`.`id` = `Programme`.`id_niveau`
WHERE `Note`.`id_etudiant` = 3')
 4 SYSTEMPATH\Database\BaseBuilder.php(1649): CodeIgniter\Database\BaseConnection->query('SELECT `Note`.`id`, `Note`.`note`, `Note`.`resultat`, `Matier`.`id` as `matier_id`, `Matier`.`code`, `Matier`.`nom`, `Matier`.`credits`, `Niveau`.`id` as `niveau_id`, `Niveau`.`nom` as `niveau_nom`
FROM `Note`
LEFT JOIN `Matier` ON `Matier`.`id` = `Note`.`id_matier`
LEFT JOIN `Programme` ON `Programme`.`id_matier` = `Matier`.`id` AND `Programme`.`id_parcours` = `Bases de Données et` `Réseaux`
LEFT JOIN `Niveau` ON `Niveau`.`id` = `Programme`.`id_niveau`
WHERE `Note`.`id_etudiant` = :Note.id_etudiant:', [...], false)
 5 APPPATH\Models\EtudiantModel.php(59): CodeIgniter\Database\BaseBuilder->get()
 6 APPPATH\Controllers\Etudiant.php(62): App\Models\EtudiantModel->getReleveByIdEtudiant(3)
 7 SYSTEMPATH\CodeIgniter.php(951): App\Controllers\Etudiant->getNotes()
 8 SYSTEMPATH\CodeIgniter.php(497): CodeIgniter\CodeIgniter->runController(Object(App\Controllers\Etudiant))
 9 SYSTEMPATH\CodeIgniter.php(340): CodeIgniter\CodeIgniter->handleRequest(null, Object(Config\Cache), false)
10 SYSTEMPATH\Boot.php(417): CodeIgniter\CodeIgniter->run()
11 SYSTEMPATH\Boot.php(68): CodeIgniter\Boot::runCodeIgniter(Object(CodeIgniter\CodeIgniter))
12 FCPATH\index.php(59): CodeIgniter\Boot::bootWeb(Object(Config\Paths))
13 SYSTEMPATH\rewrite.php(44): require_once('D:\\Tp_CI4\\TP_Parcours\\public\\index.php')
ERROR - 2026-04-29 08:47:37 --> Unknown column 'Développement' in 'on clause'
in SYSTEMPATH\Database\MySQLi\Connection.php on line 300.
 1 SYSTEMPATH\Database\MySQLi\Connection.php(300): mysqli->query('SELECT `Note`.`id`, `Note`.`note`, `Note`.`resultat`, `Matier`.`id` as `matier_id`, `Matier`.`code`, `Matier`.`nom`, `Matier`.`credits`, `Niveau`.`id` as `niveau_id`, `Niveau`.`nom` as `niveau_nom`
FROM `Note`
LEFT JOIN `Matier` ON `Matier`.`id` = `Note`.`id_matier`
LEFT JOIN `Programme` ON `Programme`.`id_matier` = `Matier`.`id` AND `Programme`.`id_parcours` = `Développement`
LEFT JOIN `Niveau` ON `Niveau`.`id` = `Programme`.`id_niveau`
WHERE `Note`.`id_etudiant` = 1', 0)
 2 SYSTEMPATH\Database\BaseConnection.php(910): CodeIgniter\Database\MySQLi\Connection->execute('SELECT `Note`.`id`, `Note`.`note`, `Note`.`resultat`, `Matier`.`id` as `matier_id`, `Matier`.`code`, `Matier`.`nom`, `Matier`.`credits`, `Niveau`.`id` as `niveau_id`, `Niveau`.`nom` as `niveau_nom`
FROM `Note`
LEFT JOIN `Matier` ON `Matier`.`id` = `Note`.`id_matier`
LEFT JOIN `Programme` ON `Programme`.`id_matier` = `Matier`.`id` AND `Programme`.`id_parcours` = `Développement`
LEFT JOIN `Niveau` ON `Niveau`.`id` = `Programme`.`id_niveau`
WHERE `Note`.`id_etudiant` = 1')
 3 SYSTEMPATH\Database\BaseConnection.php(827): CodeIgniter\Database\BaseConnection->simpleQuery('SELECT `Note`.`id`, `Note`.`note`, `Note`.`resultat`, `Matier`.`id` as `matier_id`, `Matier`.`code`, `Matier`.`nom`, `Matier`.`credits`, `Niveau`.`id` as `niveau_id`, `Niveau`.`nom` as `niveau_nom`
FROM `Note`
LEFT JOIN `Matier` ON `Matier`.`id` = `Note`.`id_matier`
LEFT JOIN `Programme` ON `Programme`.`id_matier` = `Matier`.`id` AND `Programme`.`id_parcours` = `Développement`
LEFT JOIN `Niveau` ON `Niveau`.`id` = `Programme`.`id_niveau`
WHERE `Note`.`id_etudiant` = 1')
 4 SYSTEMPATH\Database\BaseBuilder.php(1649): CodeIgniter\Database\BaseConnection->query('SELECT `Note`.`id`, `Note`.`note`, `Note`.`resultat`, `Matier`.`id` as `matier_id`, `Matier`.`code`, `Matier`.`nom`, `Matier`.`credits`, `Niveau`.`id` as `niveau_id`, `Niveau`.`nom` as `niveau_nom`
FROM `Note`
LEFT JOIN `Matier` ON `Matier`.`id` = `Note`.`id_matier`
LEFT JOIN `Programme` ON `Programme`.`id_matier` = `Matier`.`id` AND `Programme`.`id_parcours` = `Développement`
LEFT JOIN `Niveau` ON `Niveau`.`id` = `Programme`.`id_niveau`
WHERE `Note`.`id_etudiant` = :Note.id_etudiant:', [...], false)
 5 APPPATH\Models\EtudiantModel.php(59): CodeIgniter\Database\BaseBuilder->get()
 6 APPPATH\Controllers\Etudiant.php(62): App\Models\EtudiantModel->getReleveByIdEtudiant(1)
 7 SYSTEMPATH\CodeIgniter.php(951): App\Controllers\Etudiant->getNotes()
 8 SYSTEMPATH\CodeIgniter.php(497): CodeIgniter\CodeIgniter->runController(Object(App\Controllers\Etudiant))
 9 SYSTEMPATH\CodeIgniter.php(340): CodeIgniter\CodeIgniter->handleRequest(null, Object(Config\Cache), false)
10 SYSTEMPATH\Boot.php(417): CodeIgniter\CodeIgniter->run()
11 SYSTEMPATH\Boot.php(68): CodeIgniter\Boot::runCodeIgniter(Object(CodeIgniter\CodeIgniter))
12 FCPATH\index.php(59): CodeIgniter\Boot::bootWeb(Object(Config\Paths))
13 SYSTEMPATH\rewrite.php(44): require_once('D:\\Tp_CI4\\TP_Parcours\\public\\index.php')
CRITICAL - 2026-04-29 08:47:37 --> CodeIgniter\Database\Exceptions\DatabaseException: Unknown column 'Développement' in 'on clause'
[Method: GET, Route: notes/etudiant]
in SYSTEMPATH\Database\BaseConnection.php on line 865.
 1 SYSTEMPATH\Database\BaseBuilder.php(1649): CodeIgniter\Database\BaseConnection->query('SELECT `Note`.`id`, `Note`.`note`, `Note`.`resultat`, `Matier`.`id` as `matier_id`, `Matier`.`code`, `Matier`.`nom`, `Matier`.`credits`, `Niveau`.`id` as `niveau_id`, `Niveau`.`nom` as `niveau_nom`
FROM `Note`
LEFT JOIN `Matier` ON `Matier`.`id` = `Note`.`id_matier`
LEFT JOIN `Programme` ON `Programme`.`id_matier` = `Matier`.`id` AND `Programme`.`id_parcours` = `Développement`
LEFT JOIN `Niveau` ON `Niveau`.`id` = `Programme`.`id_niveau`
WHERE `Note`.`id_etudiant` = :Note.id_etudiant:', [...], false)
 2 APPPATH\Models\EtudiantModel.php(59): CodeIgniter\Database\BaseBuilder->get()
 3 APPPATH\Controllers\Etudiant.php(62): App\Models\EtudiantModel->getReleveByIdEtudiant(1)
 4 SYSTEMPATH\CodeIgniter.php(951): App\Controllers\Etudiant->getNotes()
 5 SYSTEMPATH\CodeIgniter.php(497): CodeIgniter\CodeIgniter->runController(Object(App\Controllers\Etudiant))
 6 SYSTEMPATH\CodeIgniter.php(340): CodeIgniter\CodeIgniter->handleRequest(null, Object(Config\Cache), false)
 7 SYSTEMPATH\Boot.php(417): CodeIgniter\CodeIgniter->run()
 8 SYSTEMPATH\Boot.php(68): CodeIgniter\Boot::runCodeIgniter(Object(CodeIgniter\CodeIgniter))
 9 FCPATH\index.php(59): CodeIgniter\Boot::bootWeb(Object(Config\Paths))
10 SYSTEMPATH\rewrite.php(44): require_once('D:\\Tp_CI4\\TP_Parcours\\public\\index.php')
CRITICAL - 2026-04-29 08:47:37 --> [Caused by] CodeIgniter\Database\Exceptions\DatabaseException: Unknown column 'Développement' in 'on clause'
in SYSTEMPATH\Database\MySQLi\Connection.php on line 310.
 1 SYSTEMPATH\Database\BaseConnection.php(910): CodeIgniter\Database\MySQLi\Connection->execute('SELECT `Note`.`id`, `Note`.`note`, `Note`.`resultat`, `Matier`.`id` as `matier_id`, `Matier`.`code`, `Matier`.`nom`, `Matier`.`credits`, `Niveau`.`id` as `niveau_id`, `Niveau`.`nom` as `niveau_nom`
FROM `Note`
LEFT JOIN `Matier` ON `Matier`.`id` = `Note`.`id_matier`
LEFT JOIN `Programme` ON `Programme`.`id_matier` = `Matier`.`id` AND `Programme`.`id_parcours` = `Développement`
LEFT JOIN `Niveau` ON `Niveau`.`id` = `Programme`.`id_niveau`
WHERE `Note`.`id_etudiant` = 1')
 2 SYSTEMPATH\Database\BaseConnection.php(827): CodeIgniter\Database\BaseConnection->simpleQuery('SELECT `Note`.`id`, `Note`.`note`, `Note`.`resultat`, `Matier`.`id` as `matier_id`, `Matier`.`code`, `Matier`.`nom`, `Matier`.`credits`, `Niveau`.`id` as `niveau_id`, `Niveau`.`nom` as `niveau_nom`
FROM `Note`
LEFT JOIN `Matier` ON `Matier`.`id` = `Note`.`id_matier`
LEFT JOIN `Programme` ON `Programme`.`id_matier` = `Matier`.`id` AND `Programme`.`id_parcours` = `Développement`
LEFT JOIN `Niveau` ON `Niveau`.`id` = `Programme`.`id_niveau`
WHERE `Note`.`id_etudiant` = 1')
 3 SYSTEMPATH\Database\BaseBuilder.php(1649): CodeIgniter\Database\BaseConnection->query('SELECT `Note`.`id`, `Note`.`note`, `Note`.`resultat`, `Matier`.`id` as `matier_id`, `Matier`.`code`, `Matier`.`nom`, `Matier`.`credits`, `Niveau`.`id` as `niveau_id`, `Niveau`.`nom` as `niveau_nom`
FROM `Note`
LEFT JOIN `Matier` ON `Matier`.`id` = `Note`.`id_matier`
LEFT JOIN `Programme` ON `Programme`.`id_matier` = `Matier`.`id` AND `Programme`.`id_parcours` = `Développement`
LEFT JOIN `Niveau` ON `Niveau`.`id` = `Programme`.`id_niveau`
WHERE `Note`.`id_etudiant` = :Note.id_etudiant:', [...], false)
 4 APPPATH\Models\EtudiantModel.php(59): CodeIgniter\Database\BaseBuilder->get()
 5 APPPATH\Controllers\Etudiant.php(62): App\Models\EtudiantModel->getReleveByIdEtudiant(1)
 6 SYSTEMPATH\CodeIgniter.php(951): App\Controllers\Etudiant->getNotes()
 7 SYSTEMPATH\CodeIgniter.php(497): CodeIgniter\CodeIgniter->runController(Object(App\Controllers\Etudiant))
 8 SYSTEMPATH\CodeIgniter.php(340): CodeIgniter\CodeIgniter->handleRequest(null, Object(Config\Cache), false)
 9 SYSTEMPATH\Boot.php(417): CodeIgniter\CodeIgniter->run()
10 SYSTEMPATH\Boot.php(68): CodeIgniter\Boot::runCodeIgniter(Object(CodeIgniter\CodeIgniter))
11 FCPATH\index.php(59): CodeIgniter\Boot::bootWeb(Object(Config\Paths))
12 SYSTEMPATH\rewrite.php(44): require_once('D:\\Tp_CI4\\TP_Parcours\\public\\index.php')
CRITICAL - 2026-04-29 08:47:37 --> [Caused by] mysqli_sql_exception: Unknown column 'Développement' in 'on clause'
in SYSTEMPATH\Database\MySQLi\Connection.php on line 300.
 1 SYSTEMPATH\Database\MySQLi\Connection.php(300): mysqli->query('SELECT `Note`.`id`, `Note`.`note`, `Note`.`resultat`, `Matier`.`id` as `matier_id`, `Matier`.`code`, `Matier`.`nom`, `Matier`.`credits`, `Niveau`.`id` as `niveau_id`, `Niveau`.`nom` as `niveau_nom`
FROM `Note`
LEFT JOIN `Matier` ON `Matier`.`id` = `Note`.`id_matier`
LEFT JOIN `Programme` ON `Programme`.`id_matier` = `Matier`.`id` AND `Programme`.`id_parcours` = `Développement`
LEFT JOIN `Niveau` ON `Niveau`.`id` = `Programme`.`id_niveau`
WHERE `Note`.`id_etudiant` = 1', 0)
 2 SYSTEMPATH\Database\BaseConnection.php(910): CodeIgniter\Database\MySQLi\Connection->execute('SELECT `Note`.`id`, `Note`.`note`, `Note`.`resultat`, `Matier`.`id` as `matier_id`, `Matier`.`code`, `Matier`.`nom`, `Matier`.`credits`, `Niveau`.`id` as `niveau_id`, `Niveau`.`nom` as `niveau_nom`
FROM `Note`
LEFT JOIN `Matier` ON `Matier`.`id` = `Note`.`id_matier`
LEFT JOIN `Programme` ON `Programme`.`id_matier` = `Matier`.`id` AND `Programme`.`id_parcours` = `Développement`
LEFT JOIN `Niveau` ON `Niveau`.`id` = `Programme`.`id_niveau`
WHERE `Note`.`id_etudiant` = 1')
 3 SYSTEMPATH\Database\BaseConnection.php(827): CodeIgniter\Database\BaseConnection->simpleQuery('SELECT `Note`.`id`, `Note`.`note`, `Note`.`resultat`, `Matier`.`id` as `matier_id`, `Matier`.`code`, `Matier`.`nom`, `Matier`.`credits`, `Niveau`.`id` as `niveau_id`, `Niveau`.`nom` as `niveau_nom`
FROM `Note`
LEFT JOIN `Matier` ON `Matier`.`id` = `Note`.`id_matier`
LEFT JOIN `Programme` ON `Programme`.`id_matier` = `Matier`.`id` AND `Programme`.`id_parcours` = `Développement`
LEFT JOIN `Niveau` ON `Niveau`.`id` = `Programme`.`id_niveau`
WHERE `Note`.`id_etudiant` = 1')
 4 SYSTEMPATH\Database\BaseBuilder.php(1649): CodeIgniter\Database\BaseConnection->query('SELECT `Note`.`id`, `Note`.`note`, `Note`.`resultat`, `Matier`.`id` as `matier_id`, `Matier`.`code`, `Matier`.`nom`, `Matier`.`credits`, `Niveau`.`id` as `niveau_id`, `Niveau`.`nom` as `niveau_nom`
FROM `Note`
LEFT JOIN `Matier` ON `Matier`.`id` = `Note`.`id_matier`
LEFT JOIN `Programme` ON `Programme`.`id_matier` = `Matier`.`id` AND `Programme`.`id_parcours` = `Développement`
LEFT JOIN `Niveau` ON `Niveau`.`id` = `Programme`.`id_niveau`
WHERE `Note`.`id_etudiant` = :Note.id_etudiant:', [...], false)
 5 APPPATH\Models\EtudiantModel.php(59): CodeIgniter\Database\BaseBuilder->get()
 6 APPPATH\Controllers\Etudiant.php(62): App\Models\EtudiantModel->getReleveByIdEtudiant(1)
 7 SYSTEMPATH\CodeIgniter.php(951): App\Controllers\Etudiant->getNotes()
 8 SYSTEMPATH\CodeIgniter.php(497): CodeIgniter\CodeIgniter->runController(Object(App\Controllers\Etudiant))
 9 SYSTEMPATH\CodeIgniter.php(340): CodeIgniter\CodeIgniter->handleRequest(null, Object(Config\Cache), false)
10 SYSTEMPATH\Boot.php(417): CodeIgniter\CodeIgniter->run()
11 SYSTEMPATH\Boot.php(68): CodeIgniter\Boot::runCodeIgniter(Object(CodeIgniter\CodeIgniter))
12 FCPATH\index.php(59): CodeIgniter\Boot::bootWeb(Object(Config\Paths))
13 SYSTEMPATH\rewrite.php(44): require_once('D:\\Tp_CI4\\TP_Parcours\\public\\index.php')
ERROR - 2026-04-29 08:58:40 --> Unknown column 'Développement' in 'on clause'
in SYSTEMPATH\Database\MySQLi\Connection.php on line 300.
 1 SYSTEMPATH\Database\MySQLi\Connection.php(300): mysqli->query('SELECT `Note`.`id`, `Note`.`note`, `Note`.`resultat`, `Matier`.`id` as `matier_id`, `Matier`.`code`, `Matier`.`nom`, `Matier`.`credits`, `Niveau`.`id` as `niveau_id`, `Niveau`.`nom` as `niveau_nom`
FROM `Note`
LEFT JOIN `Matier` ON `Matier`.`id` = `Note`.`id_matier`
LEFT JOIN `Programme` ON `Programme`.`id_matier` = `Matier`.`id` AND `Programme`.`id_parcours` = `Développement`
LEFT JOIN `Niveau` ON `Niveau`.`id` = `Programme`.`id_niveau`
WHERE `Note`.`id_etudiant` = 1', 0)
 2 SYSTEMPATH\Database\BaseConnection.php(910): CodeIgniter\Database\MySQLi\Connection->execute('SELECT `Note`.`id`, `Note`.`note`, `Note`.`resultat`, `Matier`.`id` as `matier_id`, `Matier`.`code`, `Matier`.`nom`, `Matier`.`credits`, `Niveau`.`id` as `niveau_id`, `Niveau`.`nom` as `niveau_nom`
FROM `Note`
LEFT JOIN `Matier` ON `Matier`.`id` = `Note`.`id_matier`
LEFT JOIN `Programme` ON `Programme`.`id_matier` = `Matier`.`id` AND `Programme`.`id_parcours` = `Développement`
LEFT JOIN `Niveau` ON `Niveau`.`id` = `Programme`.`id_niveau`
WHERE `Note`.`id_etudiant` = 1')
 3 SYSTEMPATH\Database\BaseConnection.php(827): CodeIgniter\Database\BaseConnection->simpleQuery('SELECT `Note`.`id`, `Note`.`note`, `Note`.`resultat`, `Matier`.`id` as `matier_id`, `Matier`.`code`, `Matier`.`nom`, `Matier`.`credits`, `Niveau`.`id` as `niveau_id`, `Niveau`.`nom` as `niveau_nom`
FROM `Note`
LEFT JOIN `Matier` ON `Matier`.`id` = `Note`.`id_matier`
LEFT JOIN `Programme` ON `Programme`.`id_matier` = `Matier`.`id` AND `Programme`.`id_parcours` = `Développement`
LEFT JOIN `Niveau` ON `Niveau`.`id` = `Programme`.`id_niveau`
WHERE `Note`.`id_etudiant` = 1')
 4 SYSTEMPATH\Database\BaseBuilder.php(1649): CodeIgniter\Database\BaseConnection->query('SELECT `Note`.`id`, `Note`.`note`, `Note`.`resultat`, `Matier`.`id` as `matier_id`, `Matier`.`code`, `Matier`.`nom`, `Matier`.`credits`, `Niveau`.`id` as `niveau_id`, `Niveau`.`nom` as `niveau_nom`
FROM `Note`
LEFT JOIN `Matier` ON `Matier`.`id` = `Note`.`id_matier`
LEFT JOIN `Programme` ON `Programme`.`id_matier` = `Matier`.`id` AND `Programme`.`id_parcours` = `Développement`
LEFT JOIN `Niveau` ON `Niveau`.`id` = `Programme`.`id_niveau`
WHERE `Note`.`id_etudiant` = :Note.id_etudiant:', [...], false)
 5 APPPATH\Models\EtudiantModel.php(59): CodeIgniter\Database\BaseBuilder->get()
 6 APPPATH\Controllers\Etudiant.php(62): App\Models\EtudiantModel->getReleveByIdEtudiant(1)
 7 SYSTEMPATH\CodeIgniter.php(951): App\Controllers\Etudiant->getNotes()
 8 SYSTEMPATH\CodeIgniter.php(497): CodeIgniter\CodeIgniter->runController(Object(App\Controllers\Etudiant))
 9 SYSTEMPATH\CodeIgniter.php(340): CodeIgniter\CodeIgniter->handleRequest(null, Object(Config\Cache), false)
10 SYSTEMPATH\Boot.php(417): CodeIgniter\CodeIgniter->run()
11 SYSTEMPATH\Boot.php(68): CodeIgniter\Boot::runCodeIgniter(Object(CodeIgniter\CodeIgniter))
12 FCPATH\index.php(59): CodeIgniter\Boot::bootWeb(Object(Config\Paths))
13 SYSTEMPATH\rewrite.php(44): require_once('D:\\Tp_CI4\\TP_Parcours\\public\\index.php')
CRITICAL - 2026-04-29 08:58:40 --> CodeIgniter\Database\Exceptions\DatabaseException: Unknown column 'Développement' in 'on clause'
[Method: GET, Route: notes/etudiant]
in SYSTEMPATH\Database\BaseConnection.php on line 865.
 1 SYSTEMPATH\Database\BaseBuilder.php(1649): CodeIgniter\Database\BaseConnection->query('SELECT `Note`.`id`, `Note`.`note`, `Note`.`resultat`, `Matier`.`id` as `matier_id`, `Matier`.`code`, `Matier`.`nom`, `Matier`.`credits`, `Niveau`.`id` as `niveau_id`, `Niveau`.`nom` as `niveau_nom`
FROM `Note`
LEFT JOIN `Matier` ON `Matier`.`id` = `Note`.`id_matier`
LEFT JOIN `Programme` ON `Programme`.`id_matier` = `Matier`.`id` AND `Programme`.`id_parcours` = `Développement`
LEFT JOIN `Niveau` ON `Niveau`.`id` = `Programme`.`id_niveau`
WHERE `Note`.`id_etudiant` = :Note.id_etudiant:', [...], false)
 2 APPPATH\Models\EtudiantModel.php(59): CodeIgniter\Database\BaseBuilder->get()
 3 APPPATH\Controllers\Etudiant.php(62): App\Models\EtudiantModel->getReleveByIdEtudiant(1)
 4 SYSTEMPATH\CodeIgniter.php(951): App\Controllers\Etudiant->getNotes()
 5 SYSTEMPATH\CodeIgniter.php(497): CodeIgniter\CodeIgniter->runController(Object(App\Controllers\Etudiant))
 6 SYSTEMPATH\CodeIgniter.php(340): CodeIgniter\CodeIgniter->handleRequest(null, Object(Config\Cache), false)
 7 SYSTEMPATH\Boot.php(417): CodeIgniter\CodeIgniter->run()
 8 SYSTEMPATH\Boot.php(68): CodeIgniter\Boot::runCodeIgniter(Object(CodeIgniter\CodeIgniter))
 9 FCPATH\index.php(59): CodeIgniter\Boot::bootWeb(Object(Config\Paths))
10 SYSTEMPATH\rewrite.php(44): require_once('D:\\Tp_CI4\\TP_Parcours\\public\\index.php')
CRITICAL - 2026-04-29 08:58:40 --> [Caused by] CodeIgniter\Database\Exceptions\DatabaseException: Unknown column 'Développement' in 'on clause'
in SYSTEMPATH\Database\MySQLi\Connection.php on line 310.
 1 SYSTEMPATH\Database\BaseConnection.php(910): CodeIgniter\Database\MySQLi\Connection->execute('SELECT `Note`.`id`, `Note`.`note`, `Note`.`resultat`, `Matier`.`id` as `matier_id`, `Matier`.`code`, `Matier`.`nom`, `Matier`.`credits`, `Niveau`.`id` as `niveau_id`, `Niveau`.`nom` as `niveau_nom`
FROM `Note`
LEFT JOIN `Matier` ON `Matier`.`id` = `Note`.`id_matier`
LEFT JOIN `Programme` ON `Programme`.`id_matier` = `Matier`.`id` AND `Programme`.`id_parcours` = `Développement`
LEFT JOIN `Niveau` ON `Niveau`.`id` = `Programme`.`id_niveau`
WHERE `Note`.`id_etudiant` = 1')
 2 SYSTEMPATH\Database\BaseConnection.php(827): CodeIgniter\Database\BaseConnection->simpleQuery('SELECT `Note`.`id`, `Note`.`note`, `Note`.`resultat`, `Matier`.`id` as `matier_id`, `Matier`.`code`, `Matier`.`nom`, `Matier`.`credits`, `Niveau`.`id` as `niveau_id`, `Niveau`.`nom` as `niveau_nom`
FROM `Note`
LEFT JOIN `Matier` ON `Matier`.`id` = `Note`.`id_matier`
LEFT JOIN `Programme` ON `Programme`.`id_matier` = `Matier`.`id` AND `Programme`.`id_parcours` = `Développement`
LEFT JOIN `Niveau` ON `Niveau`.`id` = `Programme`.`id_niveau`
WHERE `Note`.`id_etudiant` = 1')
 3 SYSTEMPATH\Database\BaseBuilder.php(1649): CodeIgniter\Database\BaseConnection->query('SELECT `Note`.`id`, `Note`.`note`, `Note`.`resultat`, `Matier`.`id` as `matier_id`, `Matier`.`code`, `Matier`.`nom`, `Matier`.`credits`, `Niveau`.`id` as `niveau_id`, `Niveau`.`nom` as `niveau_nom`
FROM `Note`
LEFT JOIN `Matier` ON `Matier`.`id` = `Note`.`id_matier`
LEFT JOIN `Programme` ON `Programme`.`id_matier` = `Matier`.`id` AND `Programme`.`id_parcours` = `Développement`
LEFT JOIN `Niveau` ON `Niveau`.`id` = `Programme`.`id_niveau`
WHERE `Note`.`id_etudiant` = :Note.id_etudiant:', [...], false)
 4 APPPATH\Models\EtudiantModel.php(59): CodeIgniter\Database\BaseBuilder->get()
 5 APPPATH\Controllers\Etudiant.php(62): App\Models\EtudiantModel->getReleveByIdEtudiant(1)
 6 SYSTEMPATH\CodeIgniter.php(951): App\Controllers\Etudiant->getNotes()
 7 SYSTEMPATH\CodeIgniter.php(497): CodeIgniter\CodeIgniter->runController(Object(App\Controllers\Etudiant))
 8 SYSTEMPATH\CodeIgniter.php(340): CodeIgniter\CodeIgniter->handleRequest(null, Object(Config\Cache), false)
 9 SYSTEMPATH\Boot.php(417): CodeIgniter\CodeIgniter->run()
10 SYSTEMPATH\Boot.php(68): CodeIgniter\Boot::runCodeIgniter(Object(CodeIgniter\CodeIgniter))
11 FCPATH\index.php(59): CodeIgniter\Boot::bootWeb(Object(Config\Paths))
12 SYSTEMPATH\rewrite.php(44): require_once('D:\\Tp_CI4\\TP_Parcours\\public\\index.php')
CRITICAL - 2026-04-29 08:58:40 --> [Caused by] mysqli_sql_exception: Unknown column 'Développement' in 'on clause'
in SYSTEMPATH\Database\MySQLi\Connection.php on line 300.
 1 SYSTEMPATH\Database\MySQLi\Connection.php(300): mysqli->query('SELECT `Note`.`id`, `Note`.`note`, `Note`.`resultat`, `Matier`.`id` as `matier_id`, `Matier`.`code`, `Matier`.`nom`, `Matier`.`credits`, `Niveau`.`id` as `niveau_id`, `Niveau`.`nom` as `niveau_nom`
FROM `Note`
LEFT JOIN `Matier` ON `Matier`.`id` = `Note`.`id_matier`
LEFT JOIN `Programme` ON `Programme`.`id_matier` = `Matier`.`id` AND `Programme`.`id_parcours` = `Développement`
LEFT JOIN `Niveau` ON `Niveau`.`id` = `Programme`.`id_niveau`
WHERE `Note`.`id_etudiant` = 1', 0)
 2 SYSTEMPATH\Database\BaseConnection.php(910): CodeIgniter\Database\MySQLi\Connection->execute('SELECT `Note`.`id`, `Note`.`note`, `Note`.`resultat`, `Matier`.`id` as `matier_id`, `Matier`.`code`, `Matier`.`nom`, `Matier`.`credits`, `Niveau`.`id` as `niveau_id`, `Niveau`.`nom` as `niveau_nom`
FROM `Note`
LEFT JOIN `Matier` ON `Matier`.`id` = `Note`.`id_matier`
LEFT JOIN `Programme` ON `Programme`.`id_matier` = `Matier`.`id` AND `Programme`.`id_parcours` = `Développement`
LEFT JOIN `Niveau` ON `Niveau`.`id` = `Programme`.`id_niveau`
WHERE `Note`.`id_etudiant` = 1')
 3 SYSTEMPATH\Database\BaseConnection.php(827): CodeIgniter\Database\BaseConnection->simpleQuery('SELECT `Note`.`id`, `Note`.`note`, `Note`.`resultat`, `Matier`.`id` as `matier_id`, `Matier`.`code`, `Matier`.`nom`, `Matier`.`credits`, `Niveau`.`id` as `niveau_id`, `Niveau`.`nom` as `niveau_nom`
FROM `Note`
LEFT JOIN `Matier` ON `Matier`.`id` = `Note`.`id_matier`
LEFT JOIN `Programme` ON `Programme`.`id_matier` = `Matier`.`id` AND `Programme`.`id_parcours` = `Développement`
LEFT JOIN `Niveau` ON `Niveau`.`id` = `Programme`.`id_niveau`
WHERE `Note`.`id_etudiant` = 1')
 4 SYSTEMPATH\Database\BaseBuilder.php(1649): CodeIgniter\Database\BaseConnection->query('SELECT `Note`.`id`, `Note`.`note`, `Note`.`resultat`, `Matier`.`id` as `matier_id`, `Matier`.`code`, `Matier`.`nom`, `Matier`.`credits`, `Niveau`.`id` as `niveau_id`, `Niveau`.`nom` as `niveau_nom`
FROM `Note`
LEFT JOIN `Matier` ON `Matier`.`id` = `Note`.`id_matier`
LEFT JOIN `Programme` ON `Programme`.`id_matier` = `Matier`.`id` AND `Programme`.`id_parcours` = `Développement`
LEFT JOIN `Niveau` ON `Niveau`.`id` = `Programme`.`id_niveau`
WHERE `Note`.`id_etudiant` = :Note.id_etudiant:', [...], false)
 5 APPPATH\Models\EtudiantModel.php(59): CodeIgniter\Database\BaseBuilder->get()
 6 APPPATH\Controllers\Etudiant.php(62): App\Models\EtudiantModel->getReleveByIdEtudiant(1)
 7 SYSTEMPATH\CodeIgniter.php(951): App\Controllers\Etudiant->getNotes()
 8 SYSTEMPATH\CodeIgniter.php(497): CodeIgniter\CodeIgniter->runController(Object(App\Controllers\Etudiant))
 9 SYSTEMPATH\CodeIgniter.php(340): CodeIgniter\CodeIgniter->handleRequest(null, Object(Config\Cache), false)
10 SYSTEMPATH\Boot.php(417): CodeIgniter\CodeIgniter->run()
11 SYSTEMPATH\Boot.php(68): CodeIgniter\Boot::runCodeIgniter(Object(CodeIgniter\CodeIgniter))
12 FCPATH\index.php(59): CodeIgniter\Boot::bootWeb(Object(Config\Paths))
13 SYSTEMPATH\rewrite.php(44): require_once('D:\\Tp_CI4\\TP_Parcours\\public\\index.php')
ERROR - 2026-04-29 09:07:21 --> Unknown column 'Développement' in 'on clause'
in SYSTEMPATH\Database\MySQLi\Connection.php on line 300.
 1 SYSTEMPATH\Database\MySQLi\Connection.php(300): mysqli->query('SELECT `Note`.`id`, `Note`.`note`, `Note`.`resultat`, `Matier`.`id` as `matier_id`, `Matier`.`code`, `Matier`.`nom`, `Matier`.`credits`, `Niveau`.`id` as `niveau_id`, `Niveau`.`nom` as `niveau_nom`
FROM `Note`
LEFT JOIN `Matier` ON `Matier`.`id` = `Note`.`id_matier`
LEFT JOIN `Programme` ON `Programme`.`id_matier` = `Matier`.`id` AND `Programme`.`id_parcours` = `Développement`
LEFT JOIN `Niveau` ON `Niveau`.`id` = `Programme`.`id_niveau`
WHERE `Note`.`id_etudiant` = 1', 0)
 2 SYSTEMPATH\Database\BaseConnection.php(910): CodeIgniter\Database\MySQLi\Connection->execute('SELECT `Note`.`id`, `Note`.`note`, `Note`.`resultat`, `Matier`.`id` as `matier_id`, `Matier`.`code`, `Matier`.`nom`, `Matier`.`credits`, `Niveau`.`id` as `niveau_id`, `Niveau`.`nom` as `niveau_nom`
FROM `Note`
LEFT JOIN `Matier` ON `Matier`.`id` = `Note`.`id_matier`
LEFT JOIN `Programme` ON `Programme`.`id_matier` = `Matier`.`id` AND `Programme`.`id_parcours` = `Développement`
LEFT JOIN `Niveau` ON `Niveau`.`id` = `Programme`.`id_niveau`
WHERE `Note`.`id_etudiant` = 1')
 3 SYSTEMPATH\Database\BaseConnection.php(827): CodeIgniter\Database\BaseConnection->simpleQuery('SELECT `Note`.`id`, `Note`.`note`, `Note`.`resultat`, `Matier`.`id` as `matier_id`, `Matier`.`code`, `Matier`.`nom`, `Matier`.`credits`, `Niveau`.`id` as `niveau_id`, `Niveau`.`nom` as `niveau_nom`
FROM `Note`
LEFT JOIN `Matier` ON `Matier`.`id` = `Note`.`id_matier`
LEFT JOIN `Programme` ON `Programme`.`id_matier` = `Matier`.`id` AND `Programme`.`id_parcours` = `Développement`
LEFT JOIN `Niveau` ON `Niveau`.`id` = `Programme`.`id_niveau`
WHERE `Note`.`id_etudiant` = 1')
 4 SYSTEMPATH\Database\BaseBuilder.php(1649): CodeIgniter\Database\BaseConnection->query('SELECT `Note`.`id`, `Note`.`note`, `Note`.`resultat`, `Matier`.`id` as `matier_id`, `Matier`.`code`, `Matier`.`nom`, `Matier`.`credits`, `Niveau`.`id` as `niveau_id`, `Niveau`.`nom` as `niveau_nom`
FROM `Note`
LEFT JOIN `Matier` ON `Matier`.`id` = `Note`.`id_matier`
LEFT JOIN `Programme` ON `Programme`.`id_matier` = `Matier`.`id` AND `Programme`.`id_parcours` = `Développement`
LEFT JOIN `Niveau` ON `Niveau`.`id` = `Programme`.`id_niveau`
WHERE `Note`.`id_etudiant` = :Note.id_etudiant:', [...], false)
 5 APPPATH\Models\EtudiantModel.php(59): CodeIgniter\Database\BaseBuilder->get()
 6 APPPATH\Controllers\Etudiant.php(62): App\Models\EtudiantModel->getReleveByIdEtudiant(1)
 7 SYSTEMPATH\CodeIgniter.php(951): App\Controllers\Etudiant->getNotes()
 8 SYSTEMPATH\CodeIgniter.php(497): CodeIgniter\CodeIgniter->runController(Object(App\Controllers\Etudiant))
 9 SYSTEMPATH\CodeIgniter.php(340): CodeIgniter\CodeIgniter->handleRequest(null, Object(Config\Cache), false)
10 SYSTEMPATH\Boot.php(417): CodeIgniter\CodeIgniter->run()
11 SYSTEMPATH\Boot.php(68): CodeIgniter\Boot::runCodeIgniter(Object(CodeIgniter\CodeIgniter))
12 FCPATH\index.php(59): CodeIgniter\Boot::bootWeb(Object(Config\Paths))
13 SYSTEMPATH\rewrite.php(44): require_once('D:\\Tp_CI4\\TP_Parcours\\public\\index.php')
CRITICAL - 2026-04-29 09:07:21 --> CodeIgniter\Database\Exceptions\DatabaseException: Unknown column 'Développement' in 'on clause'
[Method: GET, Route: notes/etudiant]
in SYSTEMPATH\Database\BaseConnection.php on line 865.
 1 SYSTEMPATH\Database\BaseBuilder.php(1649): CodeIgniter\Database\BaseConnection->query('SELECT `Note`.`id`, `Note`.`note`, `Note`.`resultat`, `Matier`.`id` as `matier_id`, `Matier`.`code`, `Matier`.`nom`, `Matier`.`credits`, `Niveau`.`id` as `niveau_id`, `Niveau`.`nom` as `niveau_nom`
FROM `Note`
LEFT JOIN `Matier` ON `Matier`.`id` = `Note`.`id_matier`
LEFT JOIN `Programme` ON `Programme`.`id_matier` = `Matier`.`id` AND `Programme`.`id_parcours` = `Développement`
LEFT JOIN `Niveau` ON `Niveau`.`id` = `Programme`.`id_niveau`
WHERE `Note`.`id_etudiant` = :Note.id_etudiant:', [...], false)
 2 APPPATH\Models\EtudiantModel.php(59): CodeIgniter\Database\BaseBuilder->get()
 3 APPPATH\Controllers\Etudiant.php(62): App\Models\EtudiantModel->getReleveByIdEtudiant(1)
 4 SYSTEMPATH\CodeIgniter.php(951): App\Controllers\Etudiant->getNotes()
 5 SYSTEMPATH\CodeIgniter.php(497): CodeIgniter\CodeIgniter->runController(Object(App\Controllers\Etudiant))
 6 SYSTEMPATH\CodeIgniter.php(340): CodeIgniter\CodeIgniter->handleRequest(null, Object(Config\Cache), false)
 7 SYSTEMPATH\Boot.php(417): CodeIgniter\CodeIgniter->run()
 8 SYSTEMPATH\Boot.php(68): CodeIgniter\Boot::runCodeIgniter(Object(CodeIgniter\CodeIgniter))
 9 FCPATH\index.php(59): CodeIgniter\Boot::bootWeb(Object(Config\Paths))
10 SYSTEMPATH\rewrite.php(44): require_once('D:\\Tp_CI4\\TP_Parcours\\public\\index.php')
CRITICAL - 2026-04-29 09:07:21 --> [Caused by] CodeIgniter\Database\Exceptions\DatabaseException: Unknown column 'Développement' in 'on clause'
in SYSTEMPATH\Database\MySQLi\Connection.php on line 310.
 1 SYSTEMPATH\Database\BaseConnection.php(910): CodeIgniter\Database\MySQLi\Connection->execute('SELECT `Note`.`id`, `Note`.`note`, `Note`.`resultat`, `Matier`.`id` as `matier_id`, `Matier`.`code`, `Matier`.`nom`, `Matier`.`credits`, `Niveau`.`id` as `niveau_id`, `Niveau`.`nom` as `niveau_nom`
FROM `Note`
LEFT JOIN `Matier` ON `Matier`.`id` = `Note`.`id_matier`
LEFT JOIN `Programme` ON `Programme`.`id_matier` = `Matier`.`id` AND `Programme`.`id_parcours` = `Développement`
LEFT JOIN `Niveau` ON `Niveau`.`id` = `Programme`.`id_niveau`
WHERE `Note`.`id_etudiant` = 1')
 2 SYSTEMPATH\Database\BaseConnection.php(827): CodeIgniter\Database\BaseConnection->simpleQuery('SELECT `Note`.`id`, `Note`.`note`, `Note`.`resultat`, `Matier`.`id` as `matier_id`, `Matier`.`code`, `Matier`.`nom`, `Matier`.`credits`, `Niveau`.`id` as `niveau_id`, `Niveau`.`nom` as `niveau_nom`
FROM `Note`
LEFT JOIN `Matier` ON `Matier`.`id` = `Note`.`id_matier`
LEFT JOIN `Programme` ON `Programme`.`id_matier` = `Matier`.`id` AND `Programme`.`id_parcours` = `Développement`
LEFT JOIN `Niveau` ON `Niveau`.`id` = `Programme`.`id_niveau`
WHERE `Note`.`id_etudiant` = 1')
 3 SYSTEMPATH\Database\BaseBuilder.php(1649): CodeIgniter\Database\BaseConnection->query('SELECT `Note`.`id`, `Note`.`note`, `Note`.`resultat`, `Matier`.`id` as `matier_id`, `Matier`.`code`, `Matier`.`nom`, `Matier`.`credits`, `Niveau`.`id` as `niveau_id`, `Niveau`.`nom` as `niveau_nom`
FROM `Note`
LEFT JOIN `Matier` ON `Matier`.`id` = `Note`.`id_matier`
LEFT JOIN `Programme` ON `Programme`.`id_matier` = `Matier`.`id` AND `Programme`.`id_parcours` = `Développement`
LEFT JOIN `Niveau` ON `Niveau`.`id` = `Programme`.`id_niveau`
WHERE `Note`.`id_etudiant` = :Note.id_etudiant:', [...], false)
 4 APPPATH\Models\EtudiantModel.php(59): CodeIgniter\Database\BaseBuilder->get()
 5 APPPATH\Controllers\Etudiant.php(62): App\Models\EtudiantModel->getReleveByIdEtudiant(1)
 6 SYSTEMPATH\CodeIgniter.php(951): App\Controllers\Etudiant->getNotes()
 7 SYSTEMPATH\CodeIgniter.php(497): CodeIgniter\CodeIgniter->runController(Object(App\Controllers\Etudiant))
 8 SYSTEMPATH\CodeIgniter.php(340): CodeIgniter\CodeIgniter->handleRequest(null, Object(Config\Cache), false)
 9 SYSTEMPATH\Boot.php(417): CodeIgniter\CodeIgniter->run()
10 SYSTEMPATH\Boot.php(68): CodeIgniter\Boot::runCodeIgniter(Object(CodeIgniter\CodeIgniter))
11 FCPATH\index.php(59): CodeIgniter\Boot::bootWeb(Object(Config\Paths))
12 SYSTEMPATH\rewrite.php(44): require_once('D:\\Tp_CI4\\TP_Parcours\\public\\index.php')
CRITICAL - 2026-04-29 09:07:21 --> [Caused by] mysqli_sql_exception: Unknown column 'Développement' in 'on clause'
in SYSTEMPATH\Database\MySQLi\Connection.php on line 300.
 1 SYSTEMPATH\Database\MySQLi\Connection.php(300): mysqli->query('SELECT `Note`.`id`, `Note`.`note`, `Note`.`resultat`, `Matier`.`id` as `matier_id`, `Matier`.`code`, `Matier`.`nom`, `Matier`.`credits`, `Niveau`.`id` as `niveau_id`, `Niveau`.`nom` as `niveau_nom`
FROM `Note`
LEFT JOIN `Matier` ON `Matier`.`id` = `Note`.`id_matier`
LEFT JOIN `Programme` ON `Programme`.`id_matier` = `Matier`.`id` AND `Programme`.`id_parcours` = `Développement`
LEFT JOIN `Niveau` ON `Niveau`.`id` = `Programme`.`id_niveau`
WHERE `Note`.`id_etudiant` = 1', 0)
 2 SYSTEMPATH\Database\BaseConnection.php(910): CodeIgniter\Database\MySQLi\Connection->execute('SELECT `Note`.`id`, `Note`.`note`, `Note`.`resultat`, `Matier`.`id` as `matier_id`, `Matier`.`code`, `Matier`.`nom`, `Matier`.`credits`, `Niveau`.`id` as `niveau_id`, `Niveau`.`nom` as `niveau_nom`
FROM `Note`
LEFT JOIN `Matier` ON `Matier`.`id` = `Note`.`id_matier`
LEFT JOIN `Programme` ON `Programme`.`id_matier` = `Matier`.`id` AND `Programme`.`id_parcours` = `Développement`
LEFT JOIN `Niveau` ON `Niveau`.`id` = `Programme`.`id_niveau`
WHERE `Note`.`id_etudiant` = 1')
 3 SYSTEMPATH\Database\BaseConnection.php(827): CodeIgniter\Database\BaseConnection->simpleQuery('SELECT `Note`.`id`, `Note`.`note`, `Note`.`resultat`, `Matier`.`id` as `matier_id`, `Matier`.`code`, `Matier`.`nom`, `Matier`.`credits`, `Niveau`.`id` as `niveau_id`, `Niveau`.`nom` as `niveau_nom`
FROM `Note`
LEFT JOIN `Matier` ON `Matier`.`id` = `Note`.`id_matier`
LEFT JOIN `Programme` ON `Programme`.`id_matier` = `Matier`.`id` AND `Programme`.`id_parcours` = `Développement`
LEFT JOIN `Niveau` ON `Niveau`.`id` = `Programme`.`id_niveau`
WHERE `Note`.`id_etudiant` = 1')
 4 SYSTEMPATH\Database\BaseBuilder.php(1649): CodeIgniter\Database\BaseConnection->query('SELECT `Note`.`id`, `Note`.`note`, `Note`.`resultat`, `Matier`.`id` as `matier_id`, `Matier`.`code`, `Matier`.`nom`, `Matier`.`credits`, `Niveau`.`id` as `niveau_id`, `Niveau`.`nom` as `niveau_nom`
FROM `Note`
LEFT JOIN `Matier` ON `Matier`.`id` = `Note`.`id_matier`
LEFT JOIN `Programme` ON `Programme`.`id_matier` = `Matier`.`id` AND `Programme`.`id_parcours` = `Développement`
LEFT JOIN `Niveau` ON `Niveau`.`id` = `Programme`.`id_niveau`
WHERE `Note`.`id_etudiant` = :Note.id_etudiant:', [...], false)
 5 APPPATH\Models\EtudiantModel.php(59): CodeIgniter\Database\BaseBuilder->get()
 6 APPPATH\Controllers\Etudiant.php(62): App\Models\EtudiantModel->getReleveByIdEtudiant(1)
 7 SYSTEMPATH\CodeIgniter.php(951): App\Controllers\Etudiant->getNotes()
 8 SYSTEMPATH\CodeIgniter.php(497): CodeIgniter\CodeIgniter->runController(Object(App\Controllers\Etudiant))
 9 SYSTEMPATH\CodeIgniter.php(340): CodeIgniter\CodeIgniter->handleRequest(null, Object(Config\Cache), false)
10 SYSTEMPATH\Boot.php(417): CodeIgniter\CodeIgniter->run()
11 SYSTEMPATH\Boot.php(68): CodeIgniter\Boot::runCodeIgniter(Object(CodeIgniter\CodeIgniter))
12 FCPATH\index.php(59): CodeIgniter\Boot::bootWeb(Object(Config\Paths))
13 SYSTEMPATH\rewrite.php(44): require_once('D:\\Tp_CI4\\TP_Parcours\\public\\index.php')
ERROR - 2026-04-29 09:07:22 --> Unknown column 'Développement' in 'on clause'
in SYSTEMPATH\Database\MySQLi\Connection.php on line 300.
 1 SYSTEMPATH\Database\MySQLi\Connection.php(300): mysqli->query('SELECT `Note`.`id`, `Note`.`note`, `Note`.`resultat`, `Matier`.`id` as `matier_id`, `Matier`.`code`, `Matier`.`nom`, `Matier`.`credits`, `Niveau`.`id` as `niveau_id`, `Niveau`.`nom` as `niveau_nom`
FROM `Note`
LEFT JOIN `Matier` ON `Matier`.`id` = `Note`.`id_matier`
LEFT JOIN `Programme` ON `Programme`.`id_matier` = `Matier`.`id` AND `Programme`.`id_parcours` = `Développement`
LEFT JOIN `Niveau` ON `Niveau`.`id` = `Programme`.`id_niveau`
WHERE `Note`.`id_etudiant` = 1', 0)
 2 SYSTEMPATH\Database\BaseConnection.php(910): CodeIgniter\Database\MySQLi\Connection->execute('SELECT `Note`.`id`, `Note`.`note`, `Note`.`resultat`, `Matier`.`id` as `matier_id`, `Matier`.`code`, `Matier`.`nom`, `Matier`.`credits`, `Niveau`.`id` as `niveau_id`, `Niveau`.`nom` as `niveau_nom`
FROM `Note`
LEFT JOIN `Matier` ON `Matier`.`id` = `Note`.`id_matier`
LEFT JOIN `Programme` ON `Programme`.`id_matier` = `Matier`.`id` AND `Programme`.`id_parcours` = `Développement`
LEFT JOIN `Niveau` ON `Niveau`.`id` = `Programme`.`id_niveau`
WHERE `Note`.`id_etudiant` = 1')
 3 SYSTEMPATH\Database\BaseConnection.php(827): CodeIgniter\Database\BaseConnection->simpleQuery('SELECT `Note`.`id`, `Note`.`note`, `Note`.`resultat`, `Matier`.`id` as `matier_id`, `Matier`.`code`, `Matier`.`nom`, `Matier`.`credits`, `Niveau`.`id` as `niveau_id`, `Niveau`.`nom` as `niveau_nom`
FROM `Note`
LEFT JOIN `Matier` ON `Matier`.`id` = `Note`.`id_matier`
LEFT JOIN `Programme` ON `Programme`.`id_matier` = `Matier`.`id` AND `Programme`.`id_parcours` = `Développement`
LEFT JOIN `Niveau` ON `Niveau`.`id` = `Programme`.`id_niveau`
WHERE `Note`.`id_etudiant` = 1')
 4 SYSTEMPATH\Database\BaseBuilder.php(1649): CodeIgniter\Database\BaseConnection->query('SELECT `Note`.`id`, `Note`.`note`, `Note`.`resultat`, `Matier`.`id` as `matier_id`, `Matier`.`code`, `Matier`.`nom`, `Matier`.`credits`, `Niveau`.`id` as `niveau_id`, `Niveau`.`nom` as `niveau_nom`
FROM `Note`
LEFT JOIN `Matier` ON `Matier`.`id` = `Note`.`id_matier`
LEFT JOIN `Programme` ON `Programme`.`id_matier` = `Matier`.`id` AND `Programme`.`id_parcours` = `Développement`
LEFT JOIN `Niveau` ON `Niveau`.`id` = `Programme`.`id_niveau`
WHERE `Note`.`id_etudiant` = :Note.id_etudiant:', [...], false)
 5 APPPATH\Models\EtudiantModel.php(59): CodeIgniter\Database\BaseBuilder->get()
 6 APPPATH\Controllers\Etudiant.php(62): App\Models\EtudiantModel->getReleveByIdEtudiant(1)
 7 SYSTEMPATH\CodeIgniter.php(951): App\Controllers\Etudiant->getNotes()
 8 SYSTEMPATH\CodeIgniter.php(497): CodeIgniter\CodeIgniter->runController(Object(App\Controllers\Etudiant))
 9 SYSTEMPATH\CodeIgniter.php(340): CodeIgniter\CodeIgniter->handleRequest(null, Object(Config\Cache), false)
10 SYSTEMPATH\Boot.php(417): CodeIgniter\CodeIgniter->run()
11 SYSTEMPATH\Boot.php(68): CodeIgniter\Boot::runCodeIgniter(Object(CodeIgniter\CodeIgniter))
12 FCPATH\index.php(59): CodeIgniter\Boot::bootWeb(Object(Config\Paths))
13 SYSTEMPATH\rewrite.php(44): require_once('D:\\Tp_CI4\\TP_Parcours\\public\\index.php')
CRITICAL - 2026-04-29 09:07:22 --> CodeIgniter\Database\Exceptions\DatabaseException: Unknown column 'Développement' in 'on clause'
[Method: GET, Route: notes/etudiant]
in SYSTEMPATH\Database\BaseConnection.php on line 865.
 1 SYSTEMPATH\Database\BaseBuilder.php(1649): CodeIgniter\Database\BaseConnection->query('SELECT `Note`.`id`, `Note`.`note`, `Note`.`resultat`, `Matier`.`id` as `matier_id`, `Matier`.`code`, `Matier`.`nom`, `Matier`.`credits`, `Niveau`.`id` as `niveau_id`, `Niveau`.`nom` as `niveau_nom`
FROM `Note`
LEFT JOIN `Matier` ON `Matier`.`id` = `Note`.`id_matier`
LEFT JOIN `Programme` ON `Programme`.`id_matier` = `Matier`.`id` AND `Programme`.`id_parcours` = `Développement`
LEFT JOIN `Niveau` ON `Niveau`.`id` = `Programme`.`id_niveau`
WHERE `Note`.`id_etudiant` = :Note.id_etudiant:', [...], false)
 2 APPPATH\Models\EtudiantModel.php(59): CodeIgniter\Database\BaseBuilder->get()
 3 APPPATH\Controllers\Etudiant.php(62): App\Models\EtudiantModel->getReleveByIdEtudiant(1)
 4 SYSTEMPATH\CodeIgniter.php(951): App\Controllers\Etudiant->getNotes()
 5 SYSTEMPATH\CodeIgniter.php(497): CodeIgniter\CodeIgniter->runController(Object(App\Controllers\Etudiant))
 6 SYSTEMPATH\CodeIgniter.php(340): CodeIgniter\CodeIgniter->handleRequest(null, Object(Config\Cache), false)
 7 SYSTEMPATH\Boot.php(417): CodeIgniter\CodeIgniter->run()
 8 SYSTEMPATH\Boot.php(68): CodeIgniter\Boot::runCodeIgniter(Object(CodeIgniter\CodeIgniter))
 9 FCPATH\index.php(59): CodeIgniter\Boot::bootWeb(Object(Config\Paths))
10 SYSTEMPATH\rewrite.php(44): require_once('D:\\Tp_CI4\\TP_Parcours\\public\\index.php')
CRITICAL - 2026-04-29 09:07:22 --> [Caused by] CodeIgniter\Database\Exceptions\DatabaseException: Unknown column 'Développement' in 'on clause'
in SYSTEMPATH\Database\MySQLi\Connection.php on line 310.
 1 SYSTEMPATH\Database\BaseConnection.php(910): CodeIgniter\Database\MySQLi\Connection->execute('SELECT `Note`.`id`, `Note`.`note`, `Note`.`resultat`, `Matier`.`id` as `matier_id`, `Matier`.`code`, `Matier`.`nom`, `Matier`.`credits`, `Niveau`.`id` as `niveau_id`, `Niveau`.`nom` as `niveau_nom`
FROM `Note`
LEFT JOIN `Matier` ON `Matier`.`id` = `Note`.`id_matier`
LEFT JOIN `Programme` ON `Programme`.`id_matier` = `Matier`.`id` AND `Programme`.`id_parcours` = `Développement`
LEFT JOIN `Niveau` ON `Niveau`.`id` = `Programme`.`id_niveau`
WHERE `Note`.`id_etudiant` = 1')
 2 SYSTEMPATH\Database\BaseConnection.php(827): CodeIgniter\Database\BaseConnection->simpleQuery('SELECT `Note`.`id`, `Note`.`note`, `Note`.`resultat`, `Matier`.`id` as `matier_id`, `Matier`.`code`, `Matier`.`nom`, `Matier`.`credits`, `Niveau`.`id` as `niveau_id`, `Niveau`.`nom` as `niveau_nom`
FROM `Note`
LEFT JOIN `Matier` ON `Matier`.`id` = `Note`.`id_matier`
LEFT JOIN `Programme` ON `Programme`.`id_matier` = `Matier`.`id` AND `Programme`.`id_parcours` = `Développement`
LEFT JOIN `Niveau` ON `Niveau`.`id` = `Programme`.`id_niveau`
WHERE `Note`.`id_etudiant` = 1')
 3 SYSTEMPATH\Database\BaseBuilder.php(1649): CodeIgniter\Database\BaseConnection->query('SELECT `Note`.`id`, `Note`.`note`, `Note`.`resultat`, `Matier`.`id` as `matier_id`, `Matier`.`code`, `Matier`.`nom`, `Matier`.`credits`, `Niveau`.`id` as `niveau_id`, `Niveau`.`nom` as `niveau_nom`
FROM `Note`
LEFT JOIN `Matier` ON `Matier`.`id` = `Note`.`id_matier`
LEFT JOIN `Programme` ON `Programme`.`id_matier` = `Matier`.`id` AND `Programme`.`id_parcours` = `Développement`
LEFT JOIN `Niveau` ON `Niveau`.`id` = `Programme`.`id_niveau`
WHERE `Note`.`id_etudiant` = :Note.id_etudiant:', [...], false)
 4 APPPATH\Models\EtudiantModel.php(59): CodeIgniter\Database\BaseBuilder->get()
 5 APPPATH\Controllers\Etudiant.php(62): App\Models\EtudiantModel->getReleveByIdEtudiant(1)
 6 SYSTEMPATH\CodeIgniter.php(951): App\Controllers\Etudiant->getNotes()
 7 SYSTEMPATH\CodeIgniter.php(497): CodeIgniter\CodeIgniter->runController(Object(App\Controllers\Etudiant))
 8 SYSTEMPATH\CodeIgniter.php(340): CodeIgniter\CodeIgniter->handleRequest(null, Object(Config\Cache), false)
 9 SYSTEMPATH\Boot.php(417): CodeIgniter\CodeIgniter->run()
10 SYSTEMPATH\Boot.php(68): CodeIgniter\Boot::runCodeIgniter(Object(CodeIgniter\CodeIgniter))
11 FCPATH\index.php(59): CodeIgniter\Boot::bootWeb(Object(Config\Paths))
12 SYSTEMPATH\rewrite.php(44): require_once('D:\\Tp_CI4\\TP_Parcours\\public\\index.php')
CRITICAL - 2026-04-29 09:07:22 --> [Caused by] mysqli_sql_exception: Unknown column 'Développement' in 'on clause'
in SYSTEMPATH\Database\MySQLi\Connection.php on line 300.
 1 SYSTEMPATH\Database\MySQLi\Connection.php(300): mysqli->query('SELECT `Note`.`id`, `Note`.`note`, `Note`.`resultat`, `Matier`.`id` as `matier_id`, `Matier`.`code`, `Matier`.`nom`, `Matier`.`credits`, `Niveau`.`id` as `niveau_id`, `Niveau`.`nom` as `niveau_nom`
FROM `Note`
LEFT JOIN `Matier` ON `Matier`.`id` = `Note`.`id_matier`
LEFT JOIN `Programme` ON `Programme`.`id_matier` = `Matier`.`id` AND `Programme`.`id_parcours` = `Développement`
LEFT JOIN `Niveau` ON `Niveau`.`id` = `Programme`.`id_niveau`
WHERE `Note`.`id_etudiant` = 1', 0)
 2 SYSTEMPATH\Database\BaseConnection.php(910): CodeIgniter\Database\MySQLi\Connection->execute('SELECT `Note`.`id`, `Note`.`note`, `Note`.`resultat`, `Matier`.`id` as `matier_id`, `Matier`.`code`, `Matier`.`nom`, `Matier`.`credits`, `Niveau`.`id` as `niveau_id`, `Niveau`.`nom` as `niveau_nom`
FROM `Note`
LEFT JOIN `Matier` ON `Matier`.`id` = `Note`.`id_matier`
LEFT JOIN `Programme` ON `Programme`.`id_matier` = `Matier`.`id` AND `Programme`.`id_parcours` = `Développement`
LEFT JOIN `Niveau` ON `Niveau`.`id` = `Programme`.`id_niveau`
WHERE `Note`.`id_etudiant` = 1')
 3 SYSTEMPATH\Database\BaseConnection.php(827): CodeIgniter\Database\BaseConnection->simpleQuery('SELECT `Note`.`id`, `Note`.`note`, `Note`.`resultat`, `Matier`.`id` as `matier_id`, `Matier`.`code`, `Matier`.`nom`, `Matier`.`credits`, `Niveau`.`id` as `niveau_id`, `Niveau`.`nom` as `niveau_nom`
FROM `Note`
LEFT JOIN `Matier` ON `Matier`.`id` = `Note`.`id_matier`
LEFT JOIN `Programme` ON `Programme`.`id_matier` = `Matier`.`id` AND `Programme`.`id_parcours` = `Développement`
LEFT JOIN `Niveau` ON `Niveau`.`id` = `Programme`.`id_niveau`
WHERE `Note`.`id_etudiant` = 1')
 4 SYSTEMPATH\Database\BaseBuilder.php(1649): CodeIgniter\Database\BaseConnection->query('SELECT `Note`.`id`, `Note`.`note`, `Note`.`resultat`, `Matier`.`id` as `matier_id`, `Matier`.`code`, `Matier`.`nom`, `Matier`.`credits`, `Niveau`.`id` as `niveau_id`, `Niveau`.`nom` as `niveau_nom`
FROM `Note`
LEFT JOIN `Matier` ON `Matier`.`id` = `Note`.`id_matier`
LEFT JOIN `Programme` ON `Programme`.`id_matier` = `Matier`.`id` AND `Programme`.`id_parcours` = `Développement`
LEFT JOIN `Niveau` ON `Niveau`.`id` = `Programme`.`id_niveau`
WHERE `Note`.`id_etudiant` = :Note.id_etudiant:', [...], false)
 5 APPPATH\Models\EtudiantModel.php(59): CodeIgniter\Database\BaseBuilder->get()
 6 APPPATH\Controllers\Etudiant.php(62): App\Models\EtudiantModel->getReleveByIdEtudiant(1)
 7 SYSTEMPATH\CodeIgniter.php(951): App\Controllers\Etudiant->getNotes()
 8 SYSTEMPATH\CodeIgniter.php(497): CodeIgniter\CodeIgniter->runController(Object(App\Controllers\Etudiant))
 9 SYSTEMPATH\CodeIgniter.php(340): CodeIgniter\CodeIgniter->handleRequest(null, Object(Config\Cache), false)
10 SYSTEMPATH\Boot.php(417): CodeIgniter\CodeIgniter->run()
11 SYSTEMPATH\Boot.php(68): CodeIgniter\Boot::runCodeIgniter(Object(CodeIgniter\CodeIgniter))
12 FCPATH\index.php(59): CodeIgniter\Boot::bootWeb(Object(Config\Paths))
13 SYSTEMPATH\rewrite.php(44): require_once('D:\\Tp_CI4\\TP_Parcours\\public\\index.php')
ERROR - 2026-04-29 09:07:30 --> Unknown column 'Développement' in 'on clause'
in SYSTEMPATH\Database\MySQLi\Connection.php on line 300.
 1 SYSTEMPATH\Database\MySQLi\Connection.php(300): mysqli->query('SELECT `Note`.`id`, `Note`.`note`, `Note`.`resultat`, `Matier`.`id` as `matier_id`, `Matier`.`code`, `Matier`.`nom`, `Matier`.`credits`, `Niveau`.`id` as `niveau_id`, `Niveau`.`nom` as `niveau_nom`
FROM `Note`
LEFT JOIN `Matier` ON `Matier`.`id` = `Note`.`id_matier`
LEFT JOIN `Programme` ON `Programme`.`id_matier` = `Matier`.`id` AND `Programme`.`id_parcours` = `Développement`
LEFT JOIN `Niveau` ON `Niveau`.`id` = `Programme`.`id_niveau`
WHERE `Note`.`id_etudiant` = 1', 0)
 2 SYSTEMPATH\Database\BaseConnection.php(910): CodeIgniter\Database\MySQLi\Connection->execute('SELECT `Note`.`id`, `Note`.`note`, `Note`.`resultat`, `Matier`.`id` as `matier_id`, `Matier`.`code`, `Matier`.`nom`, `Matier`.`credits`, `Niveau`.`id` as `niveau_id`, `Niveau`.`nom` as `niveau_nom`
FROM `Note`
LEFT JOIN `Matier` ON `Matier`.`id` = `Note`.`id_matier`
LEFT JOIN `Programme` ON `Programme`.`id_matier` = `Matier`.`id` AND `Programme`.`id_parcours` = `Développement`
LEFT JOIN `Niveau` ON `Niveau`.`id` = `Programme`.`id_niveau`
WHERE `Note`.`id_etudiant` = 1')
 3 SYSTEMPATH\Database\BaseConnection.php(827): CodeIgniter\Database\BaseConnection->simpleQuery('SELECT `Note`.`id`, `Note`.`note`, `Note`.`resultat`, `Matier`.`id` as `matier_id`, `Matier`.`code`, `Matier`.`nom`, `Matier`.`credits`, `Niveau`.`id` as `niveau_id`, `Niveau`.`nom` as `niveau_nom`
FROM `Note`
LEFT JOIN `Matier` ON `Matier`.`id` = `Note`.`id_matier`
LEFT JOIN `Programme` ON `Programme`.`id_matier` = `Matier`.`id` AND `Programme`.`id_parcours` = `Développement`
LEFT JOIN `Niveau` ON `Niveau`.`id` = `Programme`.`id_niveau`
WHERE `Note`.`id_etudiant` = 1')
 4 SYSTEMPATH\Database\BaseBuilder.php(1649): CodeIgniter\Database\BaseConnection->query('SELECT `Note`.`id`, `Note`.`note`, `Note`.`resultat`, `Matier`.`id` as `matier_id`, `Matier`.`code`, `Matier`.`nom`, `Matier`.`credits`, `Niveau`.`id` as `niveau_id`, `Niveau`.`nom` as `niveau_nom`
FROM `Note`
LEFT JOIN `Matier` ON `Matier`.`id` = `Note`.`id_matier`
LEFT JOIN `Programme` ON `Programme`.`id_matier` = `Matier`.`id` AND `Programme`.`id_parcours` = `Développement`
LEFT JOIN `Niveau` ON `Niveau`.`id` = `Programme`.`id_niveau`
WHERE `Note`.`id_etudiant` = :Note.id_etudiant:', [...], false)
 5 APPPATH\Models\EtudiantModel.php(59): CodeIgniter\Database\BaseBuilder->get()
 6 APPPATH\Controllers\Etudiant.php(62): App\Models\EtudiantModel->getReleveByIdEtudiant(1)
 7 SYSTEMPATH\CodeIgniter.php(951): App\Controllers\Etudiant->getNotes()
 8 SYSTEMPATH\CodeIgniter.php(497): CodeIgniter\CodeIgniter->runController(Object(App\Controllers\Etudiant))
 9 SYSTEMPATH\CodeIgniter.php(340): CodeIgniter\CodeIgniter->handleRequest(null, Object(Config\Cache), false)
10 SYSTEMPATH\Boot.php(417): CodeIgniter\CodeIgniter->run()
11 SYSTEMPATH\Boot.php(68): CodeIgniter\Boot::runCodeIgniter(Object(CodeIgniter\CodeIgniter))
12 FCPATH\index.php(59): CodeIgniter\Boot::bootWeb(Object(Config\Paths))
13 SYSTEMPATH\rewrite.php(44): require_once('D:\\Tp_CI4\\TP_Parcours\\public\\index.php')
CRITICAL - 2026-04-29 09:07:30 --> CodeIgniter\Database\Exceptions\DatabaseException: Unknown column 'Développement' in 'on clause'
[Method: GET, Route: notes/etudiant]
in SYSTEMPATH\Database\BaseConnection.php on line 865.
 1 SYSTEMPATH\Database\BaseBuilder.php(1649): CodeIgniter\Database\BaseConnection->query('SELECT `Note`.`id`, `Note`.`note`, `Note`.`resultat`, `Matier`.`id` as `matier_id`, `Matier`.`code`, `Matier`.`nom`, `Matier`.`credits`, `Niveau`.`id` as `niveau_id`, `Niveau`.`nom` as `niveau_nom`
FROM `Note`
LEFT JOIN `Matier` ON `Matier`.`id` = `Note`.`id_matier`
LEFT JOIN `Programme` ON `Programme`.`id_matier` = `Matier`.`id` AND `Programme`.`id_parcours` = `Développement`
LEFT JOIN `Niveau` ON `Niveau`.`id` = `Programme`.`id_niveau`
WHERE `Note`.`id_etudiant` = :Note.id_etudiant:', [...], false)
 2 APPPATH\Models\EtudiantModel.php(59): CodeIgniter\Database\BaseBuilder->get()
 3 APPPATH\Controllers\Etudiant.php(62): App\Models\EtudiantModel->getReleveByIdEtudiant(1)
 4 SYSTEMPATH\CodeIgniter.php(951): App\Controllers\Etudiant->getNotes()
 5 SYSTEMPATH\CodeIgniter.php(497): CodeIgniter\CodeIgniter->runController(Object(App\Controllers\Etudiant))
 6 SYSTEMPATH\CodeIgniter.php(340): CodeIgniter\CodeIgniter->handleRequest(null, Object(Config\Cache), false)
 7 SYSTEMPATH\Boot.php(417): CodeIgniter\CodeIgniter->run()
 8 SYSTEMPATH\Boot.php(68): CodeIgniter\Boot::runCodeIgniter(Object(CodeIgniter\CodeIgniter))
 9 FCPATH\index.php(59): CodeIgniter\Boot::bootWeb(Object(Config\Paths))
10 SYSTEMPATH\rewrite.php(44): require_once('D:\\Tp_CI4\\TP_Parcours\\public\\index.php')
CRITICAL - 2026-04-29 09:07:30 --> [Caused by] CodeIgniter\Database\Exceptions\DatabaseException: Unknown column 'Développement' in 'on clause'
in SYSTEMPATH\Database\MySQLi\Connection.php on line 310.
 1 SYSTEMPATH\Database\BaseConnection.php(910): CodeIgniter\Database\MySQLi\Connection->execute('SELECT `Note`.`id`, `Note`.`note`, `Note`.`resultat`, `Matier`.`id` as `matier_id`, `Matier`.`code`, `Matier`.`nom`, `Matier`.`credits`, `Niveau`.`id` as `niveau_id`, `Niveau`.`nom` as `niveau_nom`
FROM `Note`
LEFT JOIN `Matier` ON `Matier`.`id` = `Note`.`id_matier`
LEFT JOIN `Programme` ON `Programme`.`id_matier` = `Matier`.`id` AND `Programme`.`id_parcours` = `Développement`
LEFT JOIN `Niveau` ON `Niveau`.`id` = `Programme`.`id_niveau`
WHERE `Note`.`id_etudiant` = 1')
 2 SYSTEMPATH\Database\BaseConnection.php(827): CodeIgniter\Database\BaseConnection->simpleQuery('SELECT `Note`.`id`, `Note`.`note`, `Note`.`resultat`, `Matier`.`id` as `matier_id`, `Matier`.`code`, `Matier`.`nom`, `Matier`.`credits`, `Niveau`.`id` as `niveau_id`, `Niveau`.`nom` as `niveau_nom`
FROM `Note`
LEFT JOIN `Matier` ON `Matier`.`id` = `Note`.`id_matier`
LEFT JOIN `Programme` ON `Programme`.`id_matier` = `Matier`.`id` AND `Programme`.`id_parcours` = `Développement`
LEFT JOIN `Niveau` ON `Niveau`.`id` = `Programme`.`id_niveau`
WHERE `Note`.`id_etudiant` = 1')
 3 SYSTEMPATH\Database\BaseBuilder.php(1649): CodeIgniter\Database\BaseConnection->query('SELECT `Note`.`id`, `Note`.`note`, `Note`.`resultat`, `Matier`.`id` as `matier_id`, `Matier`.`code`, `Matier`.`nom`, `Matier`.`credits`, `Niveau`.`id` as `niveau_id`, `Niveau`.`nom` as `niveau_nom`
FROM `Note`
LEFT JOIN `Matier` ON `Matier`.`id` = `Note`.`id_matier`
LEFT JOIN `Programme` ON `Programme`.`id_matier` = `Matier`.`id` AND `Programme`.`id_parcours` = `Développement`
LEFT JOIN `Niveau` ON `Niveau`.`id` = `Programme`.`id_niveau`
WHERE `Note`.`id_etudiant` = :Note.id_etudiant:', [...], false)
 4 APPPATH\Models\EtudiantModel.php(59): CodeIgniter\Database\BaseBuilder->get()
 5 APPPATH\Controllers\Etudiant.php(62): App\Models\EtudiantModel->getReleveByIdEtudiant(1)
 6 SYSTEMPATH\CodeIgniter.php(951): App\Controllers\Etudiant->getNotes()
 7 SYSTEMPATH\CodeIgniter.php(497): CodeIgniter\CodeIgniter->runController(Object(App\Controllers\Etudiant))
 8 SYSTEMPATH\CodeIgniter.php(340): CodeIgniter\CodeIgniter->handleRequest(null, Object(Config\Cache), false)
 9 SYSTEMPATH\Boot.php(417): CodeIgniter\CodeIgniter->run()
10 SYSTEMPATH\Boot.php(68): CodeIgniter\Boot::runCodeIgniter(Object(CodeIgniter\CodeIgniter))
11 FCPATH\index.php(59): CodeIgniter\Boot::bootWeb(Object(Config\Paths))
12 SYSTEMPATH\rewrite.php(44): require_once('D:\\Tp_CI4\\TP_Parcours\\public\\index.php')
CRITICAL - 2026-04-29 09:07:30 --> [Caused by] mysqli_sql_exception: Unknown column 'Développement' in 'on clause'
in SYSTEMPATH\Database\MySQLi\Connection.php on line 300.
 1 SYSTEMPATH\Database\MySQLi\Connection.php(300): mysqli->query('SELECT `Note`.`id`, `Note`.`note`, `Note`.`resultat`, `Matier`.`id` as `matier_id`, `Matier`.`code`, `Matier`.`nom`, `Matier`.`credits`, `Niveau`.`id` as `niveau_id`, `Niveau`.`nom` as `niveau_nom`
FROM `Note`
LEFT JOIN `Matier` ON `Matier`.`id` = `Note`.`id_matier`
LEFT JOIN `Programme` ON `Programme`.`id_matier` = `Matier`.`id` AND `Programme`.`id_parcours` = `Développement`
LEFT JOIN `Niveau` ON `Niveau`.`id` = `Programme`.`id_niveau`
WHERE `Note`.`id_etudiant` = 1', 0)
 2 SYSTEMPATH\Database\BaseConnection.php(910): CodeIgniter\Database\MySQLi\Connection->execute('SELECT `Note`.`id`, `Note`.`note`, `Note`.`resultat`, `Matier`.`id` as `matier_id`, `Matier`.`code`, `Matier`.`nom`, `Matier`.`credits`, `Niveau`.`id` as `niveau_id`, `Niveau`.`nom` as `niveau_nom`
FROM `Note`
LEFT JOIN `Matier` ON `Matier`.`id` = `Note`.`id_matier`
LEFT JOIN `Programme` ON `Programme`.`id_matier` = `Matier`.`id` AND `Programme`.`id_parcours` = `Développement`
LEFT JOIN `Niveau` ON `Niveau`.`id` = `Programme`.`id_niveau`
WHERE `Note`.`id_etudiant` = 1')
 3 SYSTEMPATH\Database\BaseConnection.php(827): CodeIgniter\Database\BaseConnection->simpleQuery('SELECT `Note`.`id`, `Note`.`note`, `Note`.`resultat`, `Matier`.`id` as `matier_id`, `Matier`.`code`, `Matier`.`nom`, `Matier`.`credits`, `Niveau`.`id` as `niveau_id`, `Niveau`.`nom` as `niveau_nom`
FROM `Note`
LEFT JOIN `Matier` ON `Matier`.`id` = `Note`.`id_matier`
LEFT JOIN `Programme` ON `Programme`.`id_matier` = `Matier`.`id` AND `Programme`.`id_parcours` = `Développement`
LEFT JOIN `Niveau` ON `Niveau`.`id` = `Programme`.`id_niveau`
WHERE `Note`.`id_etudiant` = 1')
 4 SYSTEMPATH\Database\BaseBuilder.php(1649): CodeIgniter\Database\BaseConnection->query('SELECT `Note`.`id`, `Note`.`note`, `Note`.`resultat`, `Matier`.`id` as `matier_id`, `Matier`.`code`, `Matier`.`nom`, `Matier`.`credits`, `Niveau`.`id` as `niveau_id`, `Niveau`.`nom` as `niveau_nom`
FROM `Note`
LEFT JOIN `Matier` ON `Matier`.`id` = `Note`.`id_matier`
LEFT JOIN `Programme` ON `Programme`.`id_matier` = `Matier`.`id` AND `Programme`.`id_parcours` = `Développement`
LEFT JOIN `Niveau` ON `Niveau`.`id` = `Programme`.`id_niveau`
WHERE `Note`.`id_etudiant` = :Note.id_etudiant:', [...], false)
 5 APPPATH\Models\EtudiantModel.php(59): CodeIgniter\Database\BaseBuilder->get()
 6 APPPATH\Controllers\Etudiant.php(62): App\Models\EtudiantModel->getReleveByIdEtudiant(1)
 7 SYSTEMPATH\CodeIgniter.php(951): App\Controllers\Etudiant->getNotes()
 8 SYSTEMPATH\CodeIgniter.php(497): CodeIgniter\CodeIgniter->runController(Object(App\Controllers\Etudiant))
 9 SYSTEMPATH\CodeIgniter.php(340): CodeIgniter\CodeIgniter->handleRequest(null, Object(Config\Cache), false)
10 SYSTEMPATH\Boot.php(417): CodeIgniter\CodeIgniter->run()
11 SYSTEMPATH\Boot.php(68): CodeIgniter\Boot::runCodeIgniter(Object(CodeIgniter\CodeIgniter))
12 FCPATH\index.php(59): CodeIgniter\Boot::bootWeb(Object(Config\Paths))
13 SYSTEMPATH\rewrite.php(44): require_once('D:\\Tp_CI4\\TP_Parcours\\public\\index.php')
ERROR - 2026-04-29 09:08:07 --> Unknown column 'Développement' in 'on clause'
in SYSTEMPATH\Database\MySQLi\Connection.php on line 300.
 1 SYSTEMPATH\Database\MySQLi\Connection.php(300): mysqli->query('SELECT `Note`.`id`, `Note`.`note`, `Note`.`resultat`, `Matier`.`id` as `matier_id`, `Matier`.`code`, `Matier`.`nom`, `Matier`.`credits`, `Niveau`.`id` as `niveau_id`, `Niveau`.`nom` as `niveau_nom`
FROM `Note`
LEFT JOIN `Matier` ON `Matier`.`id` = `Note`.`id_matier`
LEFT JOIN `Programme` ON `Programme`.`id_matier` = `Matier`.`id` AND `Programme`.`id_parcours` = `Développement`
LEFT JOIN `Niveau` ON `Niveau`.`id` = `Programme`.`id_niveau`
WHERE `Note`.`id_etudiant` = 1', 0)
 2 SYSTEMPATH\Database\BaseConnection.php(910): CodeIgniter\Database\MySQLi\Connection->execute('SELECT `Note`.`id`, `Note`.`note`, `Note`.`resultat`, `Matier`.`id` as `matier_id`, `Matier`.`code`, `Matier`.`nom`, `Matier`.`credits`, `Niveau`.`id` as `niveau_id`, `Niveau`.`nom` as `niveau_nom`
FROM `Note`
LEFT JOIN `Matier` ON `Matier`.`id` = `Note`.`id_matier`
LEFT JOIN `Programme` ON `Programme`.`id_matier` = `Matier`.`id` AND `Programme`.`id_parcours` = `Développement`
LEFT JOIN `Niveau` ON `Niveau`.`id` = `Programme`.`id_niveau`
WHERE `Note`.`id_etudiant` = 1')
 3 SYSTEMPATH\Database\BaseConnection.php(827): CodeIgniter\Database\BaseConnection->simpleQuery('SELECT `Note`.`id`, `Note`.`note`, `Note`.`resultat`, `Matier`.`id` as `matier_id`, `Matier`.`code`, `Matier`.`nom`, `Matier`.`credits`, `Niveau`.`id` as `niveau_id`, `Niveau`.`nom` as `niveau_nom`
FROM `Note`
LEFT JOIN `Matier` ON `Matier`.`id` = `Note`.`id_matier`
LEFT JOIN `Programme` ON `Programme`.`id_matier` = `Matier`.`id` AND `Programme`.`id_parcours` = `Développement`
LEFT JOIN `Niveau` ON `Niveau`.`id` = `Programme`.`id_niveau`
WHERE `Note`.`id_etudiant` = 1')
 4 SYSTEMPATH\Database\BaseBuilder.php(1649): CodeIgniter\Database\BaseConnection->query('SELECT `Note`.`id`, `Note`.`note`, `Note`.`resultat`, `Matier`.`id` as `matier_id`, `Matier`.`code`, `Matier`.`nom`, `Matier`.`credits`, `Niveau`.`id` as `niveau_id`, `Niveau`.`nom` as `niveau_nom`
FROM `Note`
LEFT JOIN `Matier` ON `Matier`.`id` = `Note`.`id_matier`
LEFT JOIN `Programme` ON `Programme`.`id_matier` = `Matier`.`id` AND `Programme`.`id_parcours` = `Développement`
LEFT JOIN `Niveau` ON `Niveau`.`id` = `Programme`.`id_niveau`
WHERE `Note`.`id_etudiant` = :Note.id_etudiant:', [...], false)
 5 APPPATH\Models\EtudiantModel.php(59): CodeIgniter\Database\BaseBuilder->get()
 6 APPPATH\Controllers\Etudiant.php(62): App\Models\EtudiantModel->getReleveByIdEtudiant(1)
 7 SYSTEMPATH\CodeIgniter.php(951): App\Controllers\Etudiant->getNotes()
 8 SYSTEMPATH\CodeIgniter.php(497): CodeIgniter\CodeIgniter->runController(Object(App\Controllers\Etudiant))
 9 SYSTEMPATH\CodeIgniter.php(340): CodeIgniter\CodeIgniter->handleRequest(null, Object(Config\Cache), false)
10 SYSTEMPATH\Boot.php(417): CodeIgniter\CodeIgniter->run()
11 SYSTEMPATH\Boot.php(68): CodeIgniter\Boot::runCodeIgniter(Object(CodeIgniter\CodeIgniter))
12 FCPATH\index.php(59): CodeIgniter\Boot::bootWeb(Object(Config\Paths))
13 SYSTEMPATH\rewrite.php(44): require_once('D:\\Tp_CI4\\TP_Parcours\\public\\index.php')
CRITICAL - 2026-04-29 09:08:07 --> CodeIgniter\Database\Exceptions\DatabaseException: Unknown column 'Développement' in 'on clause'
[Method: GET, Route: notes/etudiant]
in SYSTEMPATH\Database\BaseConnection.php on line 865.
 1 SYSTEMPATH\Database\BaseBuilder.php(1649): CodeIgniter\Database\BaseConnection->query('SELECT `Note`.`id`, `Note`.`note`, `Note`.`resultat`, `Matier`.`id` as `matier_id`, `Matier`.`code`, `Matier`.`nom`, `Matier`.`credits`, `Niveau`.`id` as `niveau_id`, `Niveau`.`nom` as `niveau_nom`
FROM `Note`
LEFT JOIN `Matier` ON `Matier`.`id` = `Note`.`id_matier`
LEFT JOIN `Programme` ON `Programme`.`id_matier` = `Matier`.`id` AND `Programme`.`id_parcours` = `Développement`
LEFT JOIN `Niveau` ON `Niveau`.`id` = `Programme`.`id_niveau`
WHERE `Note`.`id_etudiant` = :Note.id_etudiant:', [...], false)
 2 APPPATH\Models\EtudiantModel.php(59): CodeIgniter\Database\BaseBuilder->get()
 3 APPPATH\Controllers\Etudiant.php(62): App\Models\EtudiantModel->getReleveByIdEtudiant(1)
 4 SYSTEMPATH\CodeIgniter.php(951): App\Controllers\Etudiant->getNotes()
 5 SYSTEMPATH\CodeIgniter.php(497): CodeIgniter\CodeIgniter->runController(Object(App\Controllers\Etudiant))
 6 SYSTEMPATH\CodeIgniter.php(340): CodeIgniter\CodeIgniter->handleRequest(null, Object(Config\Cache), false)
 7 SYSTEMPATH\Boot.php(417): CodeIgniter\CodeIgniter->run()
 8 SYSTEMPATH\Boot.php(68): CodeIgniter\Boot::runCodeIgniter(Object(CodeIgniter\CodeIgniter))
 9 FCPATH\index.php(59): CodeIgniter\Boot::bootWeb(Object(Config\Paths))
10 SYSTEMPATH\rewrite.php(44): require_once('D:\\Tp_CI4\\TP_Parcours\\public\\index.php')
CRITICAL - 2026-04-29 09:08:07 --> [Caused by] CodeIgniter\Database\Exceptions\DatabaseException: Unknown column 'Développement' in 'on clause'
in SYSTEMPATH\Database\MySQLi\Connection.php on line 310.
 1 SYSTEMPATH\Database\BaseConnection.php(910): CodeIgniter\Database\MySQLi\Connection->execute('SELECT `Note`.`id`, `Note`.`note`, `Note`.`resultat`, `Matier`.`id` as `matier_id`, `Matier`.`code`, `Matier`.`nom`, `Matier`.`credits`, `Niveau`.`id` as `niveau_id`, `Niveau`.`nom` as `niveau_nom`
FROM `Note`
LEFT JOIN `Matier` ON `Matier`.`id` = `Note`.`id_matier`
LEFT JOIN `Programme` ON `Programme`.`id_matier` = `Matier`.`id` AND `Programme`.`id_parcours` = `Développement`
LEFT JOIN `Niveau` ON `Niveau`.`id` = `Programme`.`id_niveau`
WHERE `Note`.`id_etudiant` = 1')
 2 SYSTEMPATH\Database\BaseConnection.php(827): CodeIgniter\Database\BaseConnection->simpleQuery('SELECT `Note`.`id`, `Note`.`note`, `Note`.`resultat`, `Matier`.`id` as `matier_id`, `Matier`.`code`, `Matier`.`nom`, `Matier`.`credits`, `Niveau`.`id` as `niveau_id`, `Niveau`.`nom` as `niveau_nom`
FROM `Note`
LEFT JOIN `Matier` ON `Matier`.`id` = `Note`.`id_matier`
LEFT JOIN `Programme` ON `Programme`.`id_matier` = `Matier`.`id` AND `Programme`.`id_parcours` = `Développement`
LEFT JOIN `Niveau` ON `Niveau`.`id` = `Programme`.`id_niveau`
WHERE `Note`.`id_etudiant` = 1')
 3 SYSTEMPATH\Database\BaseBuilder.php(1649): CodeIgniter\Database\BaseConnection->query('SELECT `Note`.`id`, `Note`.`note`, `Note`.`resultat`, `Matier`.`id` as `matier_id`, `Matier`.`code`, `Matier`.`nom`, `Matier`.`credits`, `Niveau`.`id` as `niveau_id`, `Niveau`.`nom` as `niveau_nom`
FROM `Note`
LEFT JOIN `Matier` ON `Matier`.`id` = `Note`.`id_matier`
LEFT JOIN `Programme` ON `Programme`.`id_matier` = `Matier`.`id` AND `Programme`.`id_parcours` = `Développement`
LEFT JOIN `Niveau` ON `Niveau`.`id` = `Programme`.`id_niveau`
WHERE `Note`.`id_etudiant` = :Note.id_etudiant:', [...], false)
 4 APPPATH\Models\EtudiantModel.php(59): CodeIgniter\Database\BaseBuilder->get()
 5 APPPATH\Controllers\Etudiant.php(62): App\Models\EtudiantModel->getReleveByIdEtudiant(1)
 6 SYSTEMPATH\CodeIgniter.php(951): App\Controllers\Etudiant->getNotes()
 7 SYSTEMPATH\CodeIgniter.php(497): CodeIgniter\CodeIgniter->runController(Object(App\Controllers\Etudiant))
 8 SYSTEMPATH\CodeIgniter.php(340): CodeIgniter\CodeIgniter->handleRequest(null, Object(Config\Cache), false)
 9 SYSTEMPATH\Boot.php(417): CodeIgniter\CodeIgniter->run()
10 SYSTEMPATH\Boot.php(68): CodeIgniter\Boot::runCodeIgniter(Object(CodeIgniter\CodeIgniter))
11 FCPATH\index.php(59): CodeIgniter\Boot::bootWeb(Object(Config\Paths))
12 SYSTEMPATH\rewrite.php(44): require_once('D:\\Tp_CI4\\TP_Parcours\\public\\index.php')
CRITICAL - 2026-04-29 09:08:07 --> [Caused by] mysqli_sql_exception: Unknown column 'Développement' in 'on clause'
in SYSTEMPATH\Database\MySQLi\Connection.php on line 300.
 1 SYSTEMPATH\Database\MySQLi\Connection.php(300): mysqli->query('SELECT `Note`.`id`, `Note`.`note`, `Note`.`resultat`, `Matier`.`id` as `matier_id`, `Matier`.`code`, `Matier`.`nom`, `Matier`.`credits`, `Niveau`.`id` as `niveau_id`, `Niveau`.`nom` as `niveau_nom`
FROM `Note`
LEFT JOIN `Matier` ON `Matier`.`id` = `Note`.`id_matier`
LEFT JOIN `Programme` ON `Programme`.`id_matier` = `Matier`.`id` AND `Programme`.`id_parcours` = `Développement`
LEFT JOIN `Niveau` ON `Niveau`.`id` = `Programme`.`id_niveau`
WHERE `Note`.`id_etudiant` = 1', 0)
 2 SYSTEMPATH\Database\BaseConnection.php(910): CodeIgniter\Database\MySQLi\Connection->execute('SELECT `Note`.`id`, `Note`.`note`, `Note`.`resultat`, `Matier`.`id` as `matier_id`, `Matier`.`code`, `Matier`.`nom`, `Matier`.`credits`, `Niveau`.`id` as `niveau_id`, `Niveau`.`nom` as `niveau_nom`
FROM `Note`
LEFT JOIN `Matier` ON `Matier`.`id` = `Note`.`id_matier`
LEFT JOIN `Programme` ON `Programme`.`id_matier` = `Matier`.`id` AND `Programme`.`id_parcours` = `Développement`
LEFT JOIN `Niveau` ON `Niveau`.`id` = `Programme`.`id_niveau`
WHERE `Note`.`id_etudiant` = 1')
 3 SYSTEMPATH\Database\BaseConnection.php(827): CodeIgniter\Database\BaseConnection->simpleQuery('SELECT `Note`.`id`, `Note`.`note`, `Note`.`resultat`, `Matier`.`id` as `matier_id`, `Matier`.`code`, `Matier`.`nom`, `Matier`.`credits`, `Niveau`.`id` as `niveau_id`, `Niveau`.`nom` as `niveau_nom`
FROM `Note`
LEFT JOIN `Matier` ON `Matier`.`id` = `Note`.`id_matier`
LEFT JOIN `Programme` ON `Programme`.`id_matier` = `Matier`.`id` AND `Programme`.`id_parcours` = `Développement`
LEFT JOIN `Niveau` ON `Niveau`.`id` = `Programme`.`id_niveau`
WHERE `Note`.`id_etudiant` = 1')
 4 SYSTEMPATH\Database\BaseBuilder.php(1649): CodeIgniter\Database\BaseConnection->query('SELECT `Note`.`id`, `Note`.`note`, `Note`.`resultat`, `Matier`.`id` as `matier_id`, `Matier`.`code`, `Matier`.`nom`, `Matier`.`credits`, `Niveau`.`id` as `niveau_id`, `Niveau`.`nom` as `niveau_nom`
FROM `Note`
LEFT JOIN `Matier` ON `Matier`.`id` = `Note`.`id_matier`
LEFT JOIN `Programme` ON `Programme`.`id_matier` = `Matier`.`id` AND `Programme`.`id_parcours` = `Développement`
LEFT JOIN `Niveau` ON `Niveau`.`id` = `Programme`.`id_niveau`
WHERE `Note`.`id_etudiant` = :Note.id_etudiant:', [...], false)
 5 APPPATH\Models\EtudiantModel.php(59): CodeIgniter\Database\BaseBuilder->get()
 6 APPPATH\Controllers\Etudiant.php(62): App\Models\EtudiantModel->getReleveByIdEtudiant(1)
 7 SYSTEMPATH\CodeIgniter.php(951): App\Controllers\Etudiant->getNotes()
 8 SYSTEMPATH\CodeIgniter.php(497): CodeIgniter\CodeIgniter->runController(Object(App\Controllers\Etudiant))
 9 SYSTEMPATH\CodeIgniter.php(340): CodeIgniter\CodeIgniter->handleRequest(null, Object(Config\Cache), false)
10 SYSTEMPATH\Boot.php(417): CodeIgniter\CodeIgniter->run()
11 SYSTEMPATH\Boot.php(68): CodeIgniter\Boot::runCodeIgniter(Object(CodeIgniter\CodeIgniter))
12 FCPATH\index.php(59): CodeIgniter\Boot::bootWeb(Object(Config\Paths))
13 SYSTEMPATH\rewrite.php(44): require_once('D:\\Tp_CI4\\TP_Parcours\\public\\index.php')
ERROR - 2026-04-29 09:08:08 --> Unknown column 'Développement' in 'on clause'
in SYSTEMPATH\Database\MySQLi\Connection.php on line 300.
 1 SYSTEMPATH\Database\MySQLi\Connection.php(300): mysqli->query('SELECT `Note`.`id`, `Note`.`note`, `Note`.`resultat`, `Matier`.`id` as `matier_id`, `Matier`.`code`, `Matier`.`nom`, `Matier`.`credits`, `Niveau`.`id` as `niveau_id`, `Niveau`.`nom` as `niveau_nom`
FROM `Note`
LEFT JOIN `Matier` ON `Matier`.`id` = `Note`.`id_matier`
LEFT JOIN `Programme` ON `Programme`.`id_matier` = `Matier`.`id` AND `Programme`.`id_parcours` = `Développement`
LEFT JOIN `Niveau` ON `Niveau`.`id` = `Programme`.`id_niveau`
WHERE `Note`.`id_etudiant` = 1', 0)
 2 SYSTEMPATH\Database\BaseConnection.php(910): CodeIgniter\Database\MySQLi\Connection->execute('SELECT `Note`.`id`, `Note`.`note`, `Note`.`resultat`, `Matier`.`id` as `matier_id`, `Matier`.`code`, `Matier`.`nom`, `Matier`.`credits`, `Niveau`.`id` as `niveau_id`, `Niveau`.`nom` as `niveau_nom`
FROM `Note`
LEFT JOIN `Matier` ON `Matier`.`id` = `Note`.`id_matier`
LEFT JOIN `Programme` ON `Programme`.`id_matier` = `Matier`.`id` AND `Programme`.`id_parcours` = `Développement`
LEFT JOIN `Niveau` ON `Niveau`.`id` = `Programme`.`id_niveau`
WHERE `Note`.`id_etudiant` = 1')
 3 SYSTEMPATH\Database\BaseConnection.php(827): CodeIgniter\Database\BaseConnection->simpleQuery('SELECT `Note`.`id`, `Note`.`note`, `Note`.`resultat`, `Matier`.`id` as `matier_id`, `Matier`.`code`, `Matier`.`nom`, `Matier`.`credits`, `Niveau`.`id` as `niveau_id`, `Niveau`.`nom` as `niveau_nom`
FROM `Note`
LEFT JOIN `Matier` ON `Matier`.`id` = `Note`.`id_matier`
LEFT JOIN `Programme` ON `Programme`.`id_matier` = `Matier`.`id` AND `Programme`.`id_parcours` = `Développement`
LEFT JOIN `Niveau` ON `Niveau`.`id` = `Programme`.`id_niveau`
WHERE `Note`.`id_etudiant` = 1')
 4 SYSTEMPATH\Database\BaseBuilder.php(1649): CodeIgniter\Database\BaseConnection->query('SELECT `Note`.`id`, `Note`.`note`, `Note`.`resultat`, `Matier`.`id` as `matier_id`, `Matier`.`code`, `Matier`.`nom`, `Matier`.`credits`, `Niveau`.`id` as `niveau_id`, `Niveau`.`nom` as `niveau_nom`
FROM `Note`
LEFT JOIN `Matier` ON `Matier`.`id` = `Note`.`id_matier`
LEFT JOIN `Programme` ON `Programme`.`id_matier` = `Matier`.`id` AND `Programme`.`id_parcours` = `Développement`
LEFT JOIN `Niveau` ON `Niveau`.`id` = `Programme`.`id_niveau`
WHERE `Note`.`id_etudiant` = :Note.id_etudiant:', [...], false)
 5 APPPATH\Models\EtudiantModel.php(59): CodeIgniter\Database\BaseBuilder->get()
 6 APPPATH\Controllers\Etudiant.php(62): App\Models\EtudiantModel->getReleveByIdEtudiant(1)
 7 SYSTEMPATH\CodeIgniter.php(951): App\Controllers\Etudiant->getNotes()
 8 SYSTEMPATH\CodeIgniter.php(497): CodeIgniter\CodeIgniter->runController(Object(App\Controllers\Etudiant))
 9 SYSTEMPATH\CodeIgniter.php(340): CodeIgniter\CodeIgniter->handleRequest(null, Object(Config\Cache), false)
10 SYSTEMPATH\Boot.php(417): CodeIgniter\CodeIgniter->run()
11 SYSTEMPATH\Boot.php(68): CodeIgniter\Boot::runCodeIgniter(Object(CodeIgniter\CodeIgniter))
12 FCPATH\index.php(59): CodeIgniter\Boot::bootWeb(Object(Config\Paths))
13 SYSTEMPATH\rewrite.php(44): require_once('D:\\Tp_CI4\\TP_Parcours\\public\\index.php')
CRITICAL - 2026-04-29 09:08:08 --> CodeIgniter\Database\Exceptions\DatabaseException: Unknown column 'Développement' in 'on clause'
[Method: GET, Route: notes/etudiant]
in SYSTEMPATH\Database\BaseConnection.php on line 865.
 1 SYSTEMPATH\Database\BaseBuilder.php(1649): CodeIgniter\Database\BaseConnection->query('SELECT `Note`.`id`, `Note`.`note`, `Note`.`resultat`, `Matier`.`id` as `matier_id`, `Matier`.`code`, `Matier`.`nom`, `Matier`.`credits`, `Niveau`.`id` as `niveau_id`, `Niveau`.`nom` as `niveau_nom`
FROM `Note`
LEFT JOIN `Matier` ON `Matier`.`id` = `Note`.`id_matier`
LEFT JOIN `Programme` ON `Programme`.`id_matier` = `Matier`.`id` AND `Programme`.`id_parcours` = `Développement`
LEFT JOIN `Niveau` ON `Niveau`.`id` = `Programme`.`id_niveau`
WHERE `Note`.`id_etudiant` = :Note.id_etudiant:', [...], false)
 2 APPPATH\Models\EtudiantModel.php(59): CodeIgniter\Database\BaseBuilder->get()
 3 APPPATH\Controllers\Etudiant.php(62): App\Models\EtudiantModel->getReleveByIdEtudiant(1)
 4 SYSTEMPATH\CodeIgniter.php(951): App\Controllers\Etudiant->getNotes()
 5 SYSTEMPATH\CodeIgniter.php(497): CodeIgniter\CodeIgniter->runController(Object(App\Controllers\Etudiant))
 6 SYSTEMPATH\CodeIgniter.php(340): CodeIgniter\CodeIgniter->handleRequest(null, Object(Config\Cache), false)
 7 SYSTEMPATH\Boot.php(417): CodeIgniter\CodeIgniter->run()
 8 SYSTEMPATH\Boot.php(68): CodeIgniter\Boot::runCodeIgniter(Object(CodeIgniter\CodeIgniter))
 9 FCPATH\index.php(59): CodeIgniter\Boot::bootWeb(Object(Config\Paths))
10 SYSTEMPATH\rewrite.php(44): require_once('D:\\Tp_CI4\\TP_Parcours\\public\\index.php')
CRITICAL - 2026-04-29 09:08:08 --> [Caused by] CodeIgniter\Database\Exceptions\DatabaseException: Unknown column 'Développement' in 'on clause'
in SYSTEMPATH\Database\MySQLi\Connection.php on line 310.
 1 SYSTEMPATH\Database\BaseConnection.php(910): CodeIgniter\Database\MySQLi\Connection->execute('SELECT `Note`.`id`, `Note`.`note`, `Note`.`resultat`, `Matier`.`id` as `matier_id`, `Matier`.`code`, `Matier`.`nom`, `Matier`.`credits`, `Niveau`.`id` as `niveau_id`, `Niveau`.`nom` as `niveau_nom`
FROM `Note`
LEFT JOIN `Matier` ON `Matier`.`id` = `Note`.`id_matier`
LEFT JOIN `Programme` ON `Programme`.`id_matier` = `Matier`.`id` AND `Programme`.`id_parcours` = `Développement`
LEFT JOIN `Niveau` ON `Niveau`.`id` = `Programme`.`id_niveau`
WHERE `Note`.`id_etudiant` = 1')
 2 SYSTEMPATH\Database\BaseConnection.php(827): CodeIgniter\Database\BaseConnection->simpleQuery('SELECT `Note`.`id`, `Note`.`note`, `Note`.`resultat`, `Matier`.`id` as `matier_id`, `Matier`.`code`, `Matier`.`nom`, `Matier`.`credits`, `Niveau`.`id` as `niveau_id`, `Niveau`.`nom` as `niveau_nom`
FROM `Note`
LEFT JOIN `Matier` ON `Matier`.`id` = `Note`.`id_matier`
LEFT JOIN `Programme` ON `Programme`.`id_matier` = `Matier`.`id` AND `Programme`.`id_parcours` = `Développement`
LEFT JOIN `Niveau` ON `Niveau`.`id` = `Programme`.`id_niveau`
WHERE `Note`.`id_etudiant` = 1')
 3 SYSTEMPATH\Database\BaseBuilder.php(1649): CodeIgniter\Database\BaseConnection->query('SELECT `Note`.`id`, `Note`.`note`, `Note`.`resultat`, `Matier`.`id` as `matier_id`, `Matier`.`code`, `Matier`.`nom`, `Matier`.`credits`, `Niveau`.`id` as `niveau_id`, `Niveau`.`nom` as `niveau_nom`
FROM `Note`
LEFT JOIN `Matier` ON `Matier`.`id` = `Note`.`id_matier`
LEFT JOIN `Programme` ON `Programme`.`id_matier` = `Matier`.`id` AND `Programme`.`id_parcours` = `Développement`
LEFT JOIN `Niveau` ON `Niveau`.`id` = `Programme`.`id_niveau`
WHERE `Note`.`id_etudiant` = :Note.id_etudiant:', [...], false)
 4 APPPATH\Models\EtudiantModel.php(59): CodeIgniter\Database\BaseBuilder->get()
 5 APPPATH\Controllers\Etudiant.php(62): App\Models\EtudiantModel->getReleveByIdEtudiant(1)
 6 SYSTEMPATH\CodeIgniter.php(951): App\Controllers\Etudiant->getNotes()
 7 SYSTEMPATH\CodeIgniter.php(497): CodeIgniter\CodeIgniter->runController(Object(App\Controllers\Etudiant))
 8 SYSTEMPATH\CodeIgniter.php(340): CodeIgniter\CodeIgniter->handleRequest(null, Object(Config\Cache), false)
 9 SYSTEMPATH\Boot.php(417): CodeIgniter\CodeIgniter->run()
10 SYSTEMPATH\Boot.php(68): CodeIgniter\Boot::runCodeIgniter(Object(CodeIgniter\CodeIgniter))
11 FCPATH\index.php(59): CodeIgniter\Boot::bootWeb(Object(Config\Paths))
12 SYSTEMPATH\rewrite.php(44): require_once('D:\\Tp_CI4\\TP_Parcours\\public\\index.php')
CRITICAL - 2026-04-29 09:08:08 --> [Caused by] mysqli_sql_exception: Unknown column 'Développement' in 'on clause'
in SYSTEMPATH\Database\MySQLi\Connection.php on line 300.
 1 SYSTEMPATH\Database\MySQLi\Connection.php(300): mysqli->query('SELECT `Note`.`id`, `Note`.`note`, `Note`.`resultat`, `Matier`.`id` as `matier_id`, `Matier`.`code`, `Matier`.`nom`, `Matier`.`credits`, `Niveau`.`id` as `niveau_id`, `Niveau`.`nom` as `niveau_nom`
FROM `Note`
LEFT JOIN `Matier` ON `Matier`.`id` = `Note`.`id_matier`
LEFT JOIN `Programme` ON `Programme`.`id_matier` = `Matier`.`id` AND `Programme`.`id_parcours` = `Développement`
LEFT JOIN `Niveau` ON `Niveau`.`id` = `Programme`.`id_niveau`
WHERE `Note`.`id_etudiant` = 1', 0)
 2 SYSTEMPATH\Database\BaseConnection.php(910): CodeIgniter\Database\MySQLi\Connection->execute('SELECT `Note`.`id`, `Note`.`note`, `Note`.`resultat`, `Matier`.`id` as `matier_id`, `Matier`.`code`, `Matier`.`nom`, `Matier`.`credits`, `Niveau`.`id` as `niveau_id`, `Niveau`.`nom` as `niveau_nom`
FROM `Note`
LEFT JOIN `Matier` ON `Matier`.`id` = `Note`.`id_matier`
LEFT JOIN `Programme` ON `Programme`.`id_matier` = `Matier`.`id` AND `Programme`.`id_parcours` = `Développement`
LEFT JOIN `Niveau` ON `Niveau`.`id` = `Programme`.`id_niveau`
WHERE `Note`.`id_etudiant` = 1')
 3 SYSTEMPATH\Database\BaseConnection.php(827): CodeIgniter\Database\BaseConnection->simpleQuery('SELECT `Note`.`id`, `Note`.`note`, `Note`.`resultat`, `Matier`.`id` as `matier_id`, `Matier`.`code`, `Matier`.`nom`, `Matier`.`credits`, `Niveau`.`id` as `niveau_id`, `Niveau`.`nom` as `niveau_nom`
FROM `Note`
LEFT JOIN `Matier` ON `Matier`.`id` = `Note`.`id_matier`
LEFT JOIN `Programme` ON `Programme`.`id_matier` = `Matier`.`id` AND `Programme`.`id_parcours` = `Développement`
LEFT JOIN `Niveau` ON `Niveau`.`id` = `Programme`.`id_niveau`
WHERE `Note`.`id_etudiant` = 1')
 4 SYSTEMPATH\Database\BaseBuilder.php(1649): CodeIgniter\Database\BaseConnection->query('SELECT `Note`.`id`, `Note`.`note`, `Note`.`resultat`, `Matier`.`id` as `matier_id`, `Matier`.`code`, `Matier`.`nom`, `Matier`.`credits`, `Niveau`.`id` as `niveau_id`, `Niveau`.`nom` as `niveau_nom`
FROM `Note`
LEFT JOIN `Matier` ON `Matier`.`id` = `Note`.`id_matier`
LEFT JOIN `Programme` ON `Programme`.`id_matier` = `Matier`.`id` AND `Programme`.`id_parcours` = `Développement`
LEFT JOIN `Niveau` ON `Niveau`.`id` = `Programme`.`id_niveau`
WHERE `Note`.`id_etudiant` = :Note.id_etudiant:', [...], false)
 5 APPPATH\Models\EtudiantModel.php(59): CodeIgniter\Database\BaseBuilder->get()
 6 APPPATH\Controllers\Etudiant.php(62): App\Models\EtudiantModel->getReleveByIdEtudiant(1)
 7 SYSTEMPATH\CodeIgniter.php(951): App\Controllers\Etudiant->getNotes()
 8 SYSTEMPATH\CodeIgniter.php(497): CodeIgniter\CodeIgniter->runController(Object(App\Controllers\Etudiant))
 9 SYSTEMPATH\CodeIgniter.php(340): CodeIgniter\CodeIgniter->handleRequest(null, Object(Config\Cache), false)
10 SYSTEMPATH\Boot.php(417): CodeIgniter\CodeIgniter->run()
11 SYSTEMPATH\Boot.php(68): CodeIgniter\Boot::runCodeIgniter(Object(CodeIgniter\CodeIgniter))
12 FCPATH\index.php(59): CodeIgniter\Boot::bootWeb(Object(Config\Paths))
13 SYSTEMPATH\rewrite.php(44): require_once('D:\\Tp_CI4\\TP_Parcours\\public\\index.php')
ERROR - 2026-04-29 09:08:09 --> Unknown column 'Développement' in 'on clause'
in SYSTEMPATH\Database\MySQLi\Connection.php on line 300.
 1 SYSTEMPATH\Database\MySQLi\Connection.php(300): mysqli->query('SELECT `Note`.`id`, `Note`.`note`, `Note`.`resultat`, `Matier`.`id` as `matier_id`, `Matier`.`code`, `Matier`.`nom`, `Matier`.`credits`, `Niveau`.`id` as `niveau_id`, `Niveau`.`nom` as `niveau_nom`
FROM `Note`
LEFT JOIN `Matier` ON `Matier`.`id` = `Note`.`id_matier`
LEFT JOIN `Programme` ON `Programme`.`id_matier` = `Matier`.`id` AND `Programme`.`id_parcours` = `Développement`
LEFT JOIN `Niveau` ON `Niveau`.`id` = `Programme`.`id_niveau`
WHERE `Note`.`id_etudiant` = 1', 0)
 2 SYSTEMPATH\Database\BaseConnection.php(910): CodeIgniter\Database\MySQLi\Connection->execute('SELECT `Note`.`id`, `Note`.`note`, `Note`.`resultat`, `Matier`.`id` as `matier_id`, `Matier`.`code`, `Matier`.`nom`, `Matier`.`credits`, `Niveau`.`id` as `niveau_id`, `Niveau`.`nom` as `niveau_nom`
FROM `Note`
LEFT JOIN `Matier` ON `Matier`.`id` = `Note`.`id_matier`
LEFT JOIN `Programme` ON `Programme`.`id_matier` = `Matier`.`id` AND `Programme`.`id_parcours` = `Développement`
LEFT JOIN `Niveau` ON `Niveau`.`id` = `Programme`.`id_niveau`
WHERE `Note`.`id_etudiant` = 1')
 3 SYSTEMPATH\Database\BaseConnection.php(827): CodeIgniter\Database\BaseConnection->simpleQuery('SELECT `Note`.`id`, `Note`.`note`, `Note`.`resultat`, `Matier`.`id` as `matier_id`, `Matier`.`code`, `Matier`.`nom`, `Matier`.`credits`, `Niveau`.`id` as `niveau_id`, `Niveau`.`nom` as `niveau_nom`
FROM `Note`
LEFT JOIN `Matier` ON `Matier`.`id` = `Note`.`id_matier`
LEFT JOIN `Programme` ON `Programme`.`id_matier` = `Matier`.`id` AND `Programme`.`id_parcours` = `Développement`
LEFT JOIN `Niveau` ON `Niveau`.`id` = `Programme`.`id_niveau`
WHERE `Note`.`id_etudiant` = 1')
 4 SYSTEMPATH\Database\BaseBuilder.php(1649): CodeIgniter\Database\BaseConnection->query('SELECT `Note`.`id`, `Note`.`note`, `Note`.`resultat`, `Matier`.`id` as `matier_id`, `Matier`.`code`, `Matier`.`nom`, `Matier`.`credits`, `Niveau`.`id` as `niveau_id`, `Niveau`.`nom` as `niveau_nom`
FROM `Note`
LEFT JOIN `Matier` ON `Matier`.`id` = `Note`.`id_matier`
LEFT JOIN `Programme` ON `Programme`.`id_matier` = `Matier`.`id` AND `Programme`.`id_parcours` = `Développement`
LEFT JOIN `Niveau` ON `Niveau`.`id` = `Programme`.`id_niveau`
WHERE `Note`.`id_etudiant` = :Note.id_etudiant:', [...], false)
 5 APPPATH\Models\EtudiantModel.php(59): CodeIgniter\Database\BaseBuilder->get()
 6 APPPATH\Controllers\Etudiant.php(62): App\Models\EtudiantModel->getReleveByIdEtudiant(1)
 7 SYSTEMPATH\CodeIgniter.php(951): App\Controllers\Etudiant->getNotes()
 8 SYSTEMPATH\CodeIgniter.php(497): CodeIgniter\CodeIgniter->runController(Object(App\Controllers\Etudiant))
 9 SYSTEMPATH\CodeIgniter.php(340): CodeIgniter\CodeIgniter->handleRequest(null, Object(Config\Cache), false)
10 SYSTEMPATH\Boot.php(417): CodeIgniter\CodeIgniter->run()
11 SYSTEMPATH\Boot.php(68): CodeIgniter\Boot::runCodeIgniter(Object(CodeIgniter\CodeIgniter))
12 FCPATH\index.php(59): CodeIgniter\Boot::bootWeb(Object(Config\Paths))
13 SYSTEMPATH\rewrite.php(44): require_once('D:\\Tp_CI4\\TP_Parcours\\public\\index.php')
CRITICAL - 2026-04-29 09:08:09 --> CodeIgniter\Database\Exceptions\DatabaseException: Unknown column 'Développement' in 'on clause'
[Method: GET, Route: notes/etudiant]
in SYSTEMPATH\Database\BaseConnection.php on line 865.
 1 SYSTEMPATH\Database\BaseBuilder.php(1649): CodeIgniter\Database\BaseConnection->query('SELECT `Note`.`id`, `Note`.`note`, `Note`.`resultat`, `Matier`.`id` as `matier_id`, `Matier`.`code`, `Matier`.`nom`, `Matier`.`credits`, `Niveau`.`id` as `niveau_id`, `Niveau`.`nom` as `niveau_nom`
FROM `Note`
LEFT JOIN `Matier` ON `Matier`.`id` = `Note`.`id_matier`
LEFT JOIN `Programme` ON `Programme`.`id_matier` = `Matier`.`id` AND `Programme`.`id_parcours` = `Développement`
LEFT JOIN `Niveau` ON `Niveau`.`id` = `Programme`.`id_niveau`
WHERE `Note`.`id_etudiant` = :Note.id_etudiant:', [...], false)
 2 APPPATH\Models\EtudiantModel.php(59): CodeIgniter\Database\BaseBuilder->get()
 3 APPPATH\Controllers\Etudiant.php(62): App\Models\EtudiantModel->getReleveByIdEtudiant(1)
 4 SYSTEMPATH\CodeIgniter.php(951): App\Controllers\Etudiant->getNotes()
 5 SYSTEMPATH\CodeIgniter.php(497): CodeIgniter\CodeIgniter->runController(Object(App\Controllers\Etudiant))
 6 SYSTEMPATH\CodeIgniter.php(340): CodeIgniter\CodeIgniter->handleRequest(null, Object(Config\Cache), false)
 7 SYSTEMPATH\Boot.php(417): CodeIgniter\CodeIgniter->run()
 8 SYSTEMPATH\Boot.php(68): CodeIgniter\Boot::runCodeIgniter(Object(CodeIgniter\CodeIgniter))
 9 FCPATH\index.php(59): CodeIgniter\Boot::bootWeb(Object(Config\Paths))
10 SYSTEMPATH\rewrite.php(44): require_once('D:\\Tp_CI4\\TP_Parcours\\public\\index.php')
CRITICAL - 2026-04-29 09:08:09 --> [Caused by] CodeIgniter\Database\Exceptions\DatabaseException: Unknown column 'Développement' in 'on clause'
in SYSTEMPATH\Database\MySQLi\Connection.php on line 310.
 1 SYSTEMPATH\Database\BaseConnection.php(910): CodeIgniter\Database\MySQLi\Connection->execute('SELECT `Note`.`id`, `Note`.`note`, `Note`.`resultat`, `Matier`.`id` as `matier_id`, `Matier`.`code`, `Matier`.`nom`, `Matier`.`credits`, `Niveau`.`id` as `niveau_id`, `Niveau`.`nom` as `niveau_nom`
FROM `Note`
LEFT JOIN `Matier` ON `Matier`.`id` = `Note`.`id_matier`
LEFT JOIN `Programme` ON `Programme`.`id_matier` = `Matier`.`id` AND `Programme`.`id_parcours` = `Développement`
LEFT JOIN `Niveau` ON `Niveau`.`id` = `Programme`.`id_niveau`
WHERE `Note`.`id_etudiant` = 1')
 2 SYSTEMPATH\Database\BaseConnection.php(827): CodeIgniter\Database\BaseConnection->simpleQuery('SELECT `Note`.`id`, `Note`.`note`, `Note`.`resultat`, `Matier`.`id` as `matier_id`, `Matier`.`code`, `Matier`.`nom`, `Matier`.`credits`, `Niveau`.`id` as `niveau_id`, `Niveau`.`nom` as `niveau_nom`
FROM `Note`
LEFT JOIN `Matier` ON `Matier`.`id` = `Note`.`id_matier`
LEFT JOIN `Programme` ON `Programme`.`id_matier` = `Matier`.`id` AND `Programme`.`id_parcours` = `Développement`
LEFT JOIN `Niveau` ON `Niveau`.`id` = `Programme`.`id_niveau`
WHERE `Note`.`id_etudiant` = 1')
 3 SYSTEMPATH\Database\BaseBuilder.php(1649): CodeIgniter\Database\BaseConnection->query('SELECT `Note`.`id`, `Note`.`note`, `Note`.`resultat`, `Matier`.`id` as `matier_id`, `Matier`.`code`, `Matier`.`nom`, `Matier`.`credits`, `Niveau`.`id` as `niveau_id`, `Niveau`.`nom` as `niveau_nom`
FROM `Note`
LEFT JOIN `Matier` ON `Matier`.`id` = `Note`.`id_matier`
LEFT JOIN `Programme` ON `Programme`.`id_matier` = `Matier`.`id` AND `Programme`.`id_parcours` = `Développement`
LEFT JOIN `Niveau` ON `Niveau`.`id` = `Programme`.`id_niveau`
WHERE `Note`.`id_etudiant` = :Note.id_etudiant:', [...], false)
 4 APPPATH\Models\EtudiantModel.php(59): CodeIgniter\Database\BaseBuilder->get()
 5 APPPATH\Controllers\Etudiant.php(62): App\Models\EtudiantModel->getReleveByIdEtudiant(1)
 6 SYSTEMPATH\CodeIgniter.php(951): App\Controllers\Etudiant->getNotes()
 7 SYSTEMPATH\CodeIgniter.php(497): CodeIgniter\CodeIgniter->runController(Object(App\Controllers\Etudiant))
 8 SYSTEMPATH\CodeIgniter.php(340): CodeIgniter\CodeIgniter->handleRequest(null, Object(Config\Cache), false)
 9 SYSTEMPATH\Boot.php(417): CodeIgniter\CodeIgniter->run()
10 SYSTEMPATH\Boot.php(68): CodeIgniter\Boot::runCodeIgniter(Object(CodeIgniter\CodeIgniter))
11 FCPATH\index.php(59): CodeIgniter\Boot::bootWeb(Object(Config\Paths))
12 SYSTEMPATH\rewrite.php(44): require_once('D:\\Tp_CI4\\TP_Parcours\\public\\index.php')
CRITICAL - 2026-04-29 09:08:09 --> [Caused by] mysqli_sql_exception: Unknown column 'Développement' in 'on clause'
in SYSTEMPATH\Database\MySQLi\Connection.php on line 300.
 1 SYSTEMPATH\Database\MySQLi\Connection.php(300): mysqli->query('SELECT `Note`.`id`, `Note`.`note`, `Note`.`resultat`, `Matier`.`id` as `matier_id`, `Matier`.`code`, `Matier`.`nom`, `Matier`.`credits`, `Niveau`.`id` as `niveau_id`, `Niveau`.`nom` as `niveau_nom`
FROM `Note`
LEFT JOIN `Matier` ON `Matier`.`id` = `Note`.`id_matier`
LEFT JOIN `Programme` ON `Programme`.`id_matier` = `Matier`.`id` AND `Programme`.`id_parcours` = `Développement`
LEFT JOIN `Niveau` ON `Niveau`.`id` = `Programme`.`id_niveau`
WHERE `Note`.`id_etudiant` = 1', 0)
 2 SYSTEMPATH\Database\BaseConnection.php(910): CodeIgniter\Database\MySQLi\Connection->execute('SELECT `Note`.`id`, `Note`.`note`, `Note`.`resultat`, `Matier`.`id` as `matier_id`, `Matier`.`code`, `Matier`.`nom`, `Matier`.`credits`, `Niveau`.`id` as `niveau_id`, `Niveau`.`nom` as `niveau_nom`
FROM `Note`
LEFT JOIN `Matier` ON `Matier`.`id` = `Note`.`id_matier`
LEFT JOIN `Programme` ON `Programme`.`id_matier` = `Matier`.`id` AND `Programme`.`id_parcours` = `Développement`
LEFT JOIN `Niveau` ON `Niveau`.`id` = `Programme`.`id_niveau`
WHERE `Note`.`id_etudiant` = 1')
 3 SYSTEMPATH\Database\BaseConnection.php(827): CodeIgniter\Database\BaseConnection->simpleQuery('SELECT `Note`.`id`, `Note`.`note`, `Note`.`resultat`, `Matier`.`id` as `matier_id`, `Matier`.`code`, `Matier`.`nom`, `Matier`.`credits`, `Niveau`.`id` as `niveau_id`, `Niveau`.`nom` as `niveau_nom`
FROM `Note`
LEFT JOIN `Matier` ON `Matier`.`id` = `Note`.`id_matier`
LEFT JOIN `Programme` ON `Programme`.`id_matier` = `Matier`.`id` AND `Programme`.`id_parcours` = `Développement`
LEFT JOIN `Niveau` ON `Niveau`.`id` = `Programme`.`id_niveau`
WHERE `Note`.`id_etudiant` = 1')
 4 SYSTEMPATH\Database\BaseBuilder.php(1649): CodeIgniter\Database\BaseConnection->query('SELECT `Note`.`id`, `Note`.`note`, `Note`.`resultat`, `Matier`.`id` as `matier_id`, `Matier`.`code`, `Matier`.`nom`, `Matier`.`credits`, `Niveau`.`id` as `niveau_id`, `Niveau`.`nom` as `niveau_nom`
FROM `Note`
LEFT JOIN `Matier` ON `Matier`.`id` = `Note`.`id_matier`
LEFT JOIN `Programme` ON `Programme`.`id_matier` = `Matier`.`id` AND `Programme`.`id_parcours` = `Développement`
LEFT JOIN `Niveau` ON `Niveau`.`id` = `Programme`.`id_niveau`
WHERE `Note`.`id_etudiant` = :Note.id_etudiant:', [...], false)
 5 APPPATH\Models\EtudiantModel.php(59): CodeIgniter\Database\BaseBuilder->get()
 6 APPPATH\Controllers\Etudiant.php(62): App\Models\EtudiantModel->getReleveByIdEtudiant(1)
 7 SYSTEMPATH\CodeIgniter.php(951): App\Controllers\Etudiant->getNotes()
 8 SYSTEMPATH\CodeIgniter.php(497): CodeIgniter\CodeIgniter->runController(Object(App\Controllers\Etudiant))
 9 SYSTEMPATH\CodeIgniter.php(340): CodeIgniter\CodeIgniter->handleRequest(null, Object(Config\Cache), false)
10 SYSTEMPATH\Boot.php(417): CodeIgniter\CodeIgniter->run()
11 SYSTEMPATH\Boot.php(68): CodeIgniter\Boot::runCodeIgniter(Object(CodeIgniter\CodeIgniter))
12 FCPATH\index.php(59): CodeIgniter\Boot::bootWeb(Object(Config\Paths))
13 SYSTEMPATH\rewrite.php(44): require_once('D:\\Tp_CI4\\TP_Parcours\\public\\index.php')
ERROR - 2026-04-29 09:08:09 --> Unknown column 'Développement' in 'on clause'
in SYSTEMPATH\Database\MySQLi\Connection.php on line 300.
 1 SYSTEMPATH\Database\MySQLi\Connection.php(300): mysqli->query('SELECT `Note`.`id`, `Note`.`note`, `Note`.`resultat`, `Matier`.`id` as `matier_id`, `Matier`.`code`, `Matier`.`nom`, `Matier`.`credits`, `Niveau`.`id` as `niveau_id`, `Niveau`.`nom` as `niveau_nom`
FROM `Note`
LEFT JOIN `Matier` ON `Matier`.`id` = `Note`.`id_matier`
LEFT JOIN `Programme` ON `Programme`.`id_matier` = `Matier`.`id` AND `Programme`.`id_parcours` = `Développement`
LEFT JOIN `Niveau` ON `Niveau`.`id` = `Programme`.`id_niveau`
WHERE `Note`.`id_etudiant` = 1', 0)
 2 SYSTEMPATH\Database\BaseConnection.php(910): CodeIgniter\Database\MySQLi\Connection->execute('SELECT `Note`.`id`, `Note`.`note`, `Note`.`resultat`, `Matier`.`id` as `matier_id`, `Matier`.`code`, `Matier`.`nom`, `Matier`.`credits`, `Niveau`.`id` as `niveau_id`, `Niveau`.`nom` as `niveau_nom`
FROM `Note`
LEFT JOIN `Matier` ON `Matier`.`id` = `Note`.`id_matier`
LEFT JOIN `Programme` ON `Programme`.`id_matier` = `Matier`.`id` AND `Programme`.`id_parcours` = `Développement`
LEFT JOIN `Niveau` ON `Niveau`.`id` = `Programme`.`id_niveau`
WHERE `Note`.`id_etudiant` = 1')
 3 SYSTEMPATH\Database\BaseConnection.php(827): CodeIgniter\Database\BaseConnection->simpleQuery('SELECT `Note`.`id`, `Note`.`note`, `Note`.`resultat`, `Matier`.`id` as `matier_id`, `Matier`.`code`, `Matier`.`nom`, `Matier`.`credits`, `Niveau`.`id` as `niveau_id`, `Niveau`.`nom` as `niveau_nom`
FROM `Note`
LEFT JOIN `Matier` ON `Matier`.`id` = `Note`.`id_matier`
LEFT JOIN `Programme` ON `Programme`.`id_matier` = `Matier`.`id` AND `Programme`.`id_parcours` = `Développement`
LEFT JOIN `Niveau` ON `Niveau`.`id` = `Programme`.`id_niveau`
WHERE `Note`.`id_etudiant` = 1')
 4 SYSTEMPATH\Database\BaseBuilder.php(1649): CodeIgniter\Database\BaseConnection->query('SELECT `Note`.`id`, `Note`.`note`, `Note`.`resultat`, `Matier`.`id` as `matier_id`, `Matier`.`code`, `Matier`.`nom`, `Matier`.`credits`, `Niveau`.`id` as `niveau_id`, `Niveau`.`nom` as `niveau_nom`
FROM `Note`
LEFT JOIN `Matier` ON `Matier`.`id` = `Note`.`id_matier`
LEFT JOIN `Programme` ON `Programme`.`id_matier` = `Matier`.`id` AND `Programme`.`id_parcours` = `Développement`
LEFT JOIN `Niveau` ON `Niveau`.`id` = `Programme`.`id_niveau`
WHERE `Note`.`id_etudiant` = :Note.id_etudiant:', [...], false)
 5 APPPATH\Models\EtudiantModel.php(59): CodeIgniter\Database\BaseBuilder->get()
 6 APPPATH\Controllers\Etudiant.php(62): App\Models\EtudiantModel->getReleveByIdEtudiant(1)
 7 SYSTEMPATH\CodeIgniter.php(951): App\Controllers\Etudiant->getNotes()
 8 SYSTEMPATH\CodeIgniter.php(497): CodeIgniter\CodeIgniter->runController(Object(App\Controllers\Etudiant))
 9 SYSTEMPATH\CodeIgniter.php(340): CodeIgniter\CodeIgniter->handleRequest(null, Object(Config\Cache), false)
10 SYSTEMPATH\Boot.php(417): CodeIgniter\CodeIgniter->run()
11 SYSTEMPATH\Boot.php(68): CodeIgniter\Boot::runCodeIgniter(Object(CodeIgniter\CodeIgniter))
12 FCPATH\index.php(59): CodeIgniter\Boot::bootWeb(Object(Config\Paths))
13 SYSTEMPATH\rewrite.php(44): require_once('D:\\Tp_CI4\\TP_Parcours\\public\\index.php')
CRITICAL - 2026-04-29 09:08:09 --> CodeIgniter\Database\Exceptions\DatabaseException: Unknown column 'Développement' in 'on clause'
[Method: GET, Route: notes/etudiant]
in SYSTEMPATH\Database\BaseConnection.php on line 865.
 1 SYSTEMPATH\Database\BaseBuilder.php(1649): CodeIgniter\Database\BaseConnection->query('SELECT `Note`.`id`, `Note`.`note`, `Note`.`resultat`, `Matier`.`id` as `matier_id`, `Matier`.`code`, `Matier`.`nom`, `Matier`.`credits`, `Niveau`.`id` as `niveau_id`, `Niveau`.`nom` as `niveau_nom`
FROM `Note`
LEFT JOIN `Matier` ON `Matier`.`id` = `Note`.`id_matier`
LEFT JOIN `Programme` ON `Programme`.`id_matier` = `Matier`.`id` AND `Programme`.`id_parcours` = `Développement`
LEFT JOIN `Niveau` ON `Niveau`.`id` = `Programme`.`id_niveau`
WHERE `Note`.`id_etudiant` = :Note.id_etudiant:', [...], false)
 2 APPPATH\Models\EtudiantModel.php(59): CodeIgniter\Database\BaseBuilder->get()
 3 APPPATH\Controllers\Etudiant.php(62): App\Models\EtudiantModel->getReleveByIdEtudiant(1)
 4 SYSTEMPATH\CodeIgniter.php(951): App\Controllers\Etudiant->getNotes()
 5 SYSTEMPATH\CodeIgniter.php(497): CodeIgniter\CodeIgniter->runController(Object(App\Controllers\Etudiant))
 6 SYSTEMPATH\CodeIgniter.php(340): CodeIgniter\CodeIgniter->handleRequest(null, Object(Config\Cache), false)
 7 SYSTEMPATH\Boot.php(417): CodeIgniter\CodeIgniter->run()
 8 SYSTEMPATH\Boot.php(68): CodeIgniter\Boot::runCodeIgniter(Object(CodeIgniter\CodeIgniter))
 9 FCPATH\index.php(59): CodeIgniter\Boot::bootWeb(Object(Config\Paths))
10 SYSTEMPATH\rewrite.php(44): require_once('D:\\Tp_CI4\\TP_Parcours\\public\\index.php')
CRITICAL - 2026-04-29 09:08:09 --> [Caused by] CodeIgniter\Database\Exceptions\DatabaseException: Unknown column 'Développement' in 'on clause'
in SYSTEMPATH\Database\MySQLi\Connection.php on line 310.
 1 SYSTEMPATH\Database\BaseConnection.php(910): CodeIgniter\Database\MySQLi\Connection->execute('SELECT `Note`.`id`, `Note`.`note`, `Note`.`resultat`, `Matier`.`id` as `matier_id`, `Matier`.`code`, `Matier`.`nom`, `Matier`.`credits`, `Niveau`.`id` as `niveau_id`, `Niveau`.`nom` as `niveau_nom`
FROM `Note`
LEFT JOIN `Matier` ON `Matier`.`id` = `Note`.`id_matier`
LEFT JOIN `Programme` ON `Programme`.`id_matier` = `Matier`.`id` AND `Programme`.`id_parcours` = `Développement`
LEFT JOIN `Niveau` ON `Niveau`.`id` = `Programme`.`id_niveau`
WHERE `Note`.`id_etudiant` = 1')
 2 SYSTEMPATH\Database\BaseConnection.php(827): CodeIgniter\Database\BaseConnection->simpleQuery('SELECT `Note`.`id`, `Note`.`note`, `Note`.`resultat`, `Matier`.`id` as `matier_id`, `Matier`.`code`, `Matier`.`nom`, `Matier`.`credits`, `Niveau`.`id` as `niveau_id`, `Niveau`.`nom` as `niveau_nom`
FROM `Note`
LEFT JOIN `Matier` ON `Matier`.`id` = `Note`.`id_matier`
LEFT JOIN `Programme` ON `Programme`.`id_matier` = `Matier`.`id` AND `Programme`.`id_parcours` = `Développement`
LEFT JOIN `Niveau` ON `Niveau`.`id` = `Programme`.`id_niveau`
WHERE `Note`.`id_etudiant` = 1')
 3 SYSTEMPATH\Database\BaseBuilder.php(1649): CodeIgniter\Database\BaseConnection->query('SELECT `Note`.`id`, `Note`.`note`, `Note`.`resultat`, `Matier`.`id` as `matier_id`, `Matier`.`code`, `Matier`.`nom`, `Matier`.`credits`, `Niveau`.`id` as `niveau_id`, `Niveau`.`nom` as `niveau_nom`
FROM `Note`
LEFT JOIN `Matier` ON `Matier`.`id` = `Note`.`id_matier`
LEFT JOIN `Programme` ON `Programme`.`id_matier` = `Matier`.`id` AND `Programme`.`id_parcours` = `Développement`
LEFT JOIN `Niveau` ON `Niveau`.`id` = `Programme`.`id_niveau`
WHERE `Note`.`id_etudiant` = :Note.id_etudiant:', [...], false)
 4 APPPATH\Models\EtudiantModel.php(59): CodeIgniter\Database\BaseBuilder->get()
 5 APPPATH\Controllers\Etudiant.php(62): App\Models\EtudiantModel->getReleveByIdEtudiant(1)
 6 SYSTEMPATH\CodeIgniter.php(951): App\Controllers\Etudiant->getNotes()
 7 SYSTEMPATH\CodeIgniter.php(497): CodeIgniter\CodeIgniter->runController(Object(App\Controllers\Etudiant))
 8 SYSTEMPATH\CodeIgniter.php(340): CodeIgniter\CodeIgniter->handleRequest(null, Object(Config\Cache), false)
 9 SYSTEMPATH\Boot.php(417): CodeIgniter\CodeIgniter->run()
10 SYSTEMPATH\Boot.php(68): CodeIgniter\Boot::runCodeIgniter(Object(CodeIgniter\CodeIgniter))
11 FCPATH\index.php(59): CodeIgniter\Boot::bootWeb(Object(Config\Paths))
12 SYSTEMPATH\rewrite.php(44): require_once('D:\\Tp_CI4\\TP_Parcours\\public\\index.php')
CRITICAL - 2026-04-29 09:08:09 --> [Caused by] mysqli_sql_exception: Unknown column 'Développement' in 'on clause'
in SYSTEMPATH\Database\MySQLi\Connection.php on line 300.
 1 SYSTEMPATH\Database\MySQLi\Connection.php(300): mysqli->query('SELECT `Note`.`id`, `Note`.`note`, `Note`.`resultat`, `Matier`.`id` as `matier_id`, `Matier`.`code`, `Matier`.`nom`, `Matier`.`credits`, `Niveau`.`id` as `niveau_id`, `Niveau`.`nom` as `niveau_nom`
FROM `Note`
LEFT JOIN `Matier` ON `Matier`.`id` = `Note`.`id_matier`
LEFT JOIN `Programme` ON `Programme`.`id_matier` = `Matier`.`id` AND `Programme`.`id_parcours` = `Développement`
LEFT JOIN `Niveau` ON `Niveau`.`id` = `Programme`.`id_niveau`
WHERE `Note`.`id_etudiant` = 1', 0)
 2 SYSTEMPATH\Database\BaseConnection.php(910): CodeIgniter\Database\MySQLi\Connection->execute('SELECT `Note`.`id`, `Note`.`note`, `Note`.`resultat`, `Matier`.`id` as `matier_id`, `Matier`.`code`, `Matier`.`nom`, `Matier`.`credits`, `Niveau`.`id` as `niveau_id`, `Niveau`.`nom` as `niveau_nom`
FROM `Note`
LEFT JOIN `Matier` ON `Matier`.`id` = `Note`.`id_matier`
LEFT JOIN `Programme` ON `Programme`.`id_matier` = `Matier`.`id` AND `Programme`.`id_parcours` = `Développement`
LEFT JOIN `Niveau` ON `Niveau`.`id` = `Programme`.`id_niveau`
WHERE `Note`.`id_etudiant` = 1')
 3 SYSTEMPATH\Database\BaseConnection.php(827): CodeIgniter\Database\BaseConnection->simpleQuery('SELECT `Note`.`id`, `Note`.`note`, `Note`.`resultat`, `Matier`.`id` as `matier_id`, `Matier`.`code`, `Matier`.`nom`, `Matier`.`credits`, `Niveau`.`id` as `niveau_id`, `Niveau`.`nom` as `niveau_nom`
FROM `Note`
LEFT JOIN `Matier` ON `Matier`.`id` = `Note`.`id_matier`
LEFT JOIN `Programme` ON `Programme`.`id_matier` = `Matier`.`id` AND `Programme`.`id_parcours` = `Développement`
LEFT JOIN `Niveau` ON `Niveau`.`id` = `Programme`.`id_niveau`
WHERE `Note`.`id_etudiant` = 1')
 4 SYSTEMPATH\Database\BaseBuilder.php(1649): CodeIgniter\Database\BaseConnection->query('SELECT `Note`.`id`, `Note`.`note`, `Note`.`resultat`, `Matier`.`id` as `matier_id`, `Matier`.`code`, `Matier`.`nom`, `Matier`.`credits`, `Niveau`.`id` as `niveau_id`, `Niveau`.`nom` as `niveau_nom`
FROM `Note`
LEFT JOIN `Matier` ON `Matier`.`id` = `Note`.`id_matier`
LEFT JOIN `Programme` ON `Programme`.`id_matier` = `Matier`.`id` AND `Programme`.`id_parcours` = `Développement`
LEFT JOIN `Niveau` ON `Niveau`.`id` = `Programme`.`id_niveau`
WHERE `Note`.`id_etudiant` = :Note.id_etudiant:', [...], false)
 5 APPPATH\Models\EtudiantModel.php(59): CodeIgniter\Database\BaseBuilder->get()
 6 APPPATH\Controllers\Etudiant.php(62): App\Models\EtudiantModel->getReleveByIdEtudiant(1)
 7 SYSTEMPATH\CodeIgniter.php(951): App\Controllers\Etudiant->getNotes()
 8 SYSTEMPATH\CodeIgniter.php(497): CodeIgniter\CodeIgniter->runController(Object(App\Controllers\Etudiant))
 9 SYSTEMPATH\CodeIgniter.php(340): CodeIgniter\CodeIgniter->handleRequest(null, Object(Config\Cache), false)
10 SYSTEMPATH\Boot.php(417): CodeIgniter\CodeIgniter->run()
11 SYSTEMPATH\Boot.php(68): CodeIgniter\Boot::runCodeIgniter(Object(CodeIgniter\CodeIgniter))
12 FCPATH\index.php(59): CodeIgniter\Boot::bootWeb(Object(Config\Paths))
13 SYSTEMPATH\rewrite.php(44): require_once('D:\\Tp_CI4\\TP_Parcours\\public\\index.php')
ERROR - 2026-04-29 09:08:09 --> Unknown column 'Développement' in 'on clause'
in SYSTEMPATH\Database\MySQLi\Connection.php on line 300.
 1 SYSTEMPATH\Database\MySQLi\Connection.php(300): mysqli->query('SELECT `Note`.`id`, `Note`.`note`, `Note`.`resultat`, `Matier`.`id` as `matier_id`, `Matier`.`code`, `Matier`.`nom`, `Matier`.`credits`, `Niveau`.`id` as `niveau_id`, `Niveau`.`nom` as `niveau_nom`
FROM `Note`
LEFT JOIN `Matier` ON `Matier`.`id` = `Note`.`id_matier`
LEFT JOIN `Programme` ON `Programme`.`id_matier` = `Matier`.`id` AND `Programme`.`id_parcours` = `Développement`
LEFT JOIN `Niveau` ON `Niveau`.`id` = `Programme`.`id_niveau`
WHERE `Note`.`id_etudiant` = 1', 0)
 2 SYSTEMPATH\Database\BaseConnection.php(910): CodeIgniter\Database\MySQLi\Connection->execute('SELECT `Note`.`id`, `Note`.`note`, `Note`.`resultat`, `Matier`.`id` as `matier_id`, `Matier`.`code`, `Matier`.`nom`, `Matier`.`credits`, `Niveau`.`id` as `niveau_id`, `Niveau`.`nom` as `niveau_nom`
FROM `Note`
LEFT JOIN `Matier` ON `Matier`.`id` = `Note`.`id_matier`
LEFT JOIN `Programme` ON `Programme`.`id_matier` = `Matier`.`id` AND `Programme`.`id_parcours` = `Développement`
LEFT JOIN `Niveau` ON `Niveau`.`id` = `Programme`.`id_niveau`
WHERE `Note`.`id_etudiant` = 1')
 3 SYSTEMPATH\Database\BaseConnection.php(827): CodeIgniter\Database\BaseConnection->simpleQuery('SELECT `Note`.`id`, `Note`.`note`, `Note`.`resultat`, `Matier`.`id` as `matier_id`, `Matier`.`code`, `Matier`.`nom`, `Matier`.`credits`, `Niveau`.`id` as `niveau_id`, `Niveau`.`nom` as `niveau_nom`
FROM `Note`
LEFT JOIN `Matier` ON `Matier`.`id` = `Note`.`id_matier`
LEFT JOIN `Programme` ON `Programme`.`id_matier` = `Matier`.`id` AND `Programme`.`id_parcours` = `Développement`
LEFT JOIN `Niveau` ON `Niveau`.`id` = `Programme`.`id_niveau`
WHERE `Note`.`id_etudiant` = 1')
 4 SYSTEMPATH\Database\BaseBuilder.php(1649): CodeIgniter\Database\BaseConnection->query('SELECT `Note`.`id`, `Note`.`note`, `Note`.`resultat`, `Matier`.`id` as `matier_id`, `Matier`.`code`, `Matier`.`nom`, `Matier`.`credits`, `Niveau`.`id` as `niveau_id`, `Niveau`.`nom` as `niveau_nom`
FROM `Note`
LEFT JOIN `Matier` ON `Matier`.`id` = `Note`.`id_matier`
LEFT JOIN `Programme` ON `Programme`.`id_matier` = `Matier`.`id` AND `Programme`.`id_parcours` = `Développement`
LEFT JOIN `Niveau` ON `Niveau`.`id` = `Programme`.`id_niveau`
WHERE `Note`.`id_etudiant` = :Note.id_etudiant:', [...], false)
 5 APPPATH\Models\EtudiantModel.php(59): CodeIgniter\Database\BaseBuilder->get()
 6 APPPATH\Controllers\Etudiant.php(62): App\Models\EtudiantModel->getReleveByIdEtudiant(1)
 7 SYSTEMPATH\CodeIgniter.php(951): App\Controllers\Etudiant->getNotes()
 8 SYSTEMPATH\CodeIgniter.php(497): CodeIgniter\CodeIgniter->runController(Object(App\Controllers\Etudiant))
 9 SYSTEMPATH\CodeIgniter.php(340): CodeIgniter\CodeIgniter->handleRequest(null, Object(Config\Cache), false)
10 SYSTEMPATH\Boot.php(417): CodeIgniter\CodeIgniter->run()
11 SYSTEMPATH\Boot.php(68): CodeIgniter\Boot::runCodeIgniter(Object(CodeIgniter\CodeIgniter))
12 FCPATH\index.php(59): CodeIgniter\Boot::bootWeb(Object(Config\Paths))
13 SYSTEMPATH\rewrite.php(44): require_once('D:\\Tp_CI4\\TP_Parcours\\public\\index.php')
CRITICAL - 2026-04-29 09:08:09 --> CodeIgniter\Database\Exceptions\DatabaseException: Unknown column 'Développement' in 'on clause'
[Method: GET, Route: notes/etudiant]
in SYSTEMPATH\Database\BaseConnection.php on line 865.
 1 SYSTEMPATH\Database\BaseBuilder.php(1649): CodeIgniter\Database\BaseConnection->query('SELECT `Note`.`id`, `Note`.`note`, `Note`.`resultat`, `Matier`.`id` as `matier_id`, `Matier`.`code`, `Matier`.`nom`, `Matier`.`credits`, `Niveau`.`id` as `niveau_id`, `Niveau`.`nom` as `niveau_nom`
FROM `Note`
LEFT JOIN `Matier` ON `Matier`.`id` = `Note`.`id_matier`
LEFT JOIN `Programme` ON `Programme`.`id_matier` = `Matier`.`id` AND `Programme`.`id_parcours` = `Développement`
LEFT JOIN `Niveau` ON `Niveau`.`id` = `Programme`.`id_niveau`
WHERE `Note`.`id_etudiant` = :Note.id_etudiant:', [...], false)
 2 APPPATH\Models\EtudiantModel.php(59): CodeIgniter\Database\BaseBuilder->get()
 3 APPPATH\Controllers\Etudiant.php(62): App\Models\EtudiantModel->getReleveByIdEtudiant(1)
 4 SYSTEMPATH\CodeIgniter.php(951): App\Controllers\Etudiant->getNotes()
 5 SYSTEMPATH\CodeIgniter.php(497): CodeIgniter\CodeIgniter->runController(Object(App\Controllers\Etudiant))
 6 SYSTEMPATH\CodeIgniter.php(340): CodeIgniter\CodeIgniter->handleRequest(null, Object(Config\Cache), false)
 7 SYSTEMPATH\Boot.php(417): CodeIgniter\CodeIgniter->run()
 8 SYSTEMPATH\Boot.php(68): CodeIgniter\Boot::runCodeIgniter(Object(CodeIgniter\CodeIgniter))
 9 FCPATH\index.php(59): CodeIgniter\Boot::bootWeb(Object(Config\Paths))
10 SYSTEMPATH\rewrite.php(44): require_once('D:\\Tp_CI4\\TP_Parcours\\public\\index.php')
CRITICAL - 2026-04-29 09:08:09 --> [Caused by] CodeIgniter\Database\Exceptions\DatabaseException: Unknown column 'Développement' in 'on clause'
in SYSTEMPATH\Database\MySQLi\Connection.php on line 310.
 1 SYSTEMPATH\Database\BaseConnection.php(910): CodeIgniter\Database\MySQLi\Connection->execute('SELECT `Note`.`id`, `Note`.`note`, `Note`.`resultat`, `Matier`.`id` as `matier_id`, `Matier`.`code`, `Matier`.`nom`, `Matier`.`credits`, `Niveau`.`id` as `niveau_id`, `Niveau`.`nom` as `niveau_nom`
FROM `Note`
LEFT JOIN `Matier` ON `Matier`.`id` = `Note`.`id_matier`
LEFT JOIN `Programme` ON `Programme`.`id_matier` = `Matier`.`id` AND `Programme`.`id_parcours` = `Développement`
LEFT JOIN `Niveau` ON `Niveau`.`id` = `Programme`.`id_niveau`
WHERE `Note`.`id_etudiant` = 1')
 2 SYSTEMPATH\Database\BaseConnection.php(827): CodeIgniter\Database\BaseConnection->simpleQuery('SELECT `Note`.`id`, `Note`.`note`, `Note`.`resultat`, `Matier`.`id` as `matier_id`, `Matier`.`code`, `Matier`.`nom`, `Matier`.`credits`, `Niveau`.`id` as `niveau_id`, `Niveau`.`nom` as `niveau_nom`
FROM `Note`
LEFT JOIN `Matier` ON `Matier`.`id` = `Note`.`id_matier`
LEFT JOIN `Programme` ON `Programme`.`id_matier` = `Matier`.`id` AND `Programme`.`id_parcours` = `Développement`
LEFT JOIN `Niveau` ON `Niveau`.`id` = `Programme`.`id_niveau`
WHERE `Note`.`id_etudiant` = 1')
 3 SYSTEMPATH\Database\BaseBuilder.php(1649): CodeIgniter\Database\BaseConnection->query('SELECT `Note`.`id`, `Note`.`note`, `Note`.`resultat`, `Matier`.`id` as `matier_id`, `Matier`.`code`, `Matier`.`nom`, `Matier`.`credits`, `Niveau`.`id` as `niveau_id`, `Niveau`.`nom` as `niveau_nom`
FROM `Note`
LEFT JOIN `Matier` ON `Matier`.`id` = `Note`.`id_matier`
LEFT JOIN `Programme` ON `Programme`.`id_matier` = `Matier`.`id` AND `Programme`.`id_parcours` = `Développement`
LEFT JOIN `Niveau` ON `Niveau`.`id` = `Programme`.`id_niveau`
WHERE `Note`.`id_etudiant` = :Note.id_etudiant:', [...], false)
 4 APPPATH\Models\EtudiantModel.php(59): CodeIgniter\Database\BaseBuilder->get()
 5 APPPATH\Controllers\Etudiant.php(62): App\Models\EtudiantModel->getReleveByIdEtudiant(1)
 6 SYSTEMPATH\CodeIgniter.php(951): App\Controllers\Etudiant->getNotes()
 7 SYSTEMPATH\CodeIgniter.php(497): CodeIgniter\CodeIgniter->runController(Object(App\Controllers\Etudiant))
 8 SYSTEMPATH\CodeIgniter.php(340): CodeIgniter\CodeIgniter->handleRequest(null, Object(Config\Cache), false)
 9 SYSTEMPATH\Boot.php(417): CodeIgniter\CodeIgniter->run()
10 SYSTEMPATH\Boot.php(68): CodeIgniter\Boot::runCodeIgniter(Object(CodeIgniter\CodeIgniter))
11 FCPATH\index.php(59): CodeIgniter\Boot::bootWeb(Object(Config\Paths))
12 SYSTEMPATH\rewrite.php(44): require_once('D:\\Tp_CI4\\TP_Parcours\\public\\index.php')
CRITICAL - 2026-04-29 09:08:09 --> [Caused by] mysqli_sql_exception: Unknown column 'Développement' in 'on clause'
in SYSTEMPATH\Database\MySQLi\Connection.php on line 300.
 1 SYSTEMPATH\Database\MySQLi\Connection.php(300): mysqli->query('SELECT `Note`.`id`, `Note`.`note`, `Note`.`resultat`, `Matier`.`id` as `matier_id`, `Matier`.`code`, `Matier`.`nom`, `Matier`.`credits`, `Niveau`.`id` as `niveau_id`, `Niveau`.`nom` as `niveau_nom`
FROM `Note`
LEFT JOIN `Matier` ON `Matier`.`id` = `Note`.`id_matier`
LEFT JOIN `Programme` ON `Programme`.`id_matier` = `Matier`.`id` AND `Programme`.`id_parcours` = `Développement`
LEFT JOIN `Niveau` ON `Niveau`.`id` = `Programme`.`id_niveau`
WHERE `Note`.`id_etudiant` = 1', 0)
 2 SYSTEMPATH\Database\BaseConnection.php(910): CodeIgniter\Database\MySQLi\Connection->execute('SELECT `Note`.`id`, `Note`.`note`, `Note`.`resultat`, `Matier`.`id` as `matier_id`, `Matier`.`code`, `Matier`.`nom`, `Matier`.`credits`, `Niveau`.`id` as `niveau_id`, `Niveau`.`nom` as `niveau_nom`
FROM `Note`
LEFT JOIN `Matier` ON `Matier`.`id` = `Note`.`id_matier`
LEFT JOIN `Programme` ON `Programme`.`id_matier` = `Matier`.`id` AND `Programme`.`id_parcours` = `Développement`
LEFT JOIN `Niveau` ON `Niveau`.`id` = `Programme`.`id_niveau`
WHERE `Note`.`id_etudiant` = 1')
 3 SYSTEMPATH\Database\BaseConnection.php(827): CodeIgniter\Database\BaseConnection->simpleQuery('SELECT `Note`.`id`, `Note`.`note`, `Note`.`resultat`, `Matier`.`id` as `matier_id`, `Matier`.`code`, `Matier`.`nom`, `Matier`.`credits`, `Niveau`.`id` as `niveau_id`, `Niveau`.`nom` as `niveau_nom`
FROM `Note`
LEFT JOIN `Matier` ON `Matier`.`id` = `Note`.`id_matier`
LEFT JOIN `Programme` ON `Programme`.`id_matier` = `Matier`.`id` AND `Programme`.`id_parcours` = `Développement`
LEFT JOIN `Niveau` ON `Niveau`.`id` = `Programme`.`id_niveau`
WHERE `Note`.`id_etudiant` = 1')
 4 SYSTEMPATH\Database\BaseBuilder.php(1649): CodeIgniter\Database\BaseConnection->query('SELECT `Note`.`id`, `Note`.`note`, `Note`.`resultat`, `Matier`.`id` as `matier_id`, `Matier`.`code`, `Matier`.`nom`, `Matier`.`credits`, `Niveau`.`id` as `niveau_id`, `Niveau`.`nom` as `niveau_nom`
FROM `Note`
LEFT JOIN `Matier` ON `Matier`.`id` = `Note`.`id_matier`
LEFT JOIN `Programme` ON `Programme`.`id_matier` = `Matier`.`id` AND `Programme`.`id_parcours` = `Développement`
LEFT JOIN `Niveau` ON `Niveau`.`id` = `Programme`.`id_niveau`
WHERE `Note`.`id_etudiant` = :Note.id_etudiant:', [...], false)
 5 APPPATH\Models\EtudiantModel.php(59): CodeIgniter\Database\BaseBuilder->get()
 6 APPPATH\Controllers\Etudiant.php(62): App\Models\EtudiantModel->getReleveByIdEtudiant(1)
 7 SYSTEMPATH\CodeIgniter.php(951): App\Controllers\Etudiant->getNotes()
 8 SYSTEMPATH\CodeIgniter.php(497): CodeIgniter\CodeIgniter->runController(Object(App\Controllers\Etudiant))
 9 SYSTEMPATH\CodeIgniter.php(340): CodeIgniter\CodeIgniter->handleRequest(null, Object(Config\Cache), false)
10 SYSTEMPATH\Boot.php(417): CodeIgniter\CodeIgniter->run()
11 SYSTEMPATH\Boot.php(68): CodeIgniter\Boot::runCodeIgniter(Object(CodeIgniter\CodeIgniter))
12 FCPATH\index.php(59): CodeIgniter\Boot::bootWeb(Object(Config\Paths))
13 SYSTEMPATH\rewrite.php(44): require_once('D:\\Tp_CI4\\TP_Parcours\\public\\index.php')
ERROR - 2026-04-29 09:08:09 --> Unknown column 'Développement' in 'on clause'
in SYSTEMPATH\Database\MySQLi\Connection.php on line 300.
 1 SYSTEMPATH\Database\MySQLi\Connection.php(300): mysqli->query('SELECT `Note`.`id`, `Note`.`note`, `Note`.`resultat`, `Matier`.`id` as `matier_id`, `Matier`.`code`, `Matier`.`nom`, `Matier`.`credits`, `Niveau`.`id` as `niveau_id`, `Niveau`.`nom` as `niveau_nom`
FROM `Note`
LEFT JOIN `Matier` ON `Matier`.`id` = `Note`.`id_matier`
LEFT JOIN `Programme` ON `Programme`.`id_matier` = `Matier`.`id` AND `Programme`.`id_parcours` = `Développement`
LEFT JOIN `Niveau` ON `Niveau`.`id` = `Programme`.`id_niveau`
WHERE `Note`.`id_etudiant` = 1', 0)
 2 SYSTEMPATH\Database\BaseConnection.php(910): CodeIgniter\Database\MySQLi\Connection->execute('SELECT `Note`.`id`, `Note`.`note`, `Note`.`resultat`, `Matier`.`id` as `matier_id`, `Matier`.`code`, `Matier`.`nom`, `Matier`.`credits`, `Niveau`.`id` as `niveau_id`, `Niveau`.`nom` as `niveau_nom`
FROM `Note`
LEFT JOIN `Matier` ON `Matier`.`id` = `Note`.`id_matier`
LEFT JOIN `Programme` ON `Programme`.`id_matier` = `Matier`.`id` AND `Programme`.`id_parcours` = `Développement`
LEFT JOIN `Niveau` ON `Niveau`.`id` = `Programme`.`id_niveau`
WHERE `Note`.`id_etudiant` = 1')
 3 SYSTEMPATH\Database\BaseConnection.php(827): CodeIgniter\Database\BaseConnection->simpleQuery('SELECT `Note`.`id`, `Note`.`note`, `Note`.`resultat`, `Matier`.`id` as `matier_id`, `Matier`.`code`, `Matier`.`nom`, `Matier`.`credits`, `Niveau`.`id` as `niveau_id`, `Niveau`.`nom` as `niveau_nom`
FROM `Note`
LEFT JOIN `Matier` ON `Matier`.`id` = `Note`.`id_matier`
LEFT JOIN `Programme` ON `Programme`.`id_matier` = `Matier`.`id` AND `Programme`.`id_parcours` = `Développement`
LEFT JOIN `Niveau` ON `Niveau`.`id` = `Programme`.`id_niveau`
WHERE `Note`.`id_etudiant` = 1')
 4 SYSTEMPATH\Database\BaseBuilder.php(1649): CodeIgniter\Database\BaseConnection->query('SELECT `Note`.`id`, `Note`.`note`, `Note`.`resultat`, `Matier`.`id` as `matier_id`, `Matier`.`code`, `Matier`.`nom`, `Matier`.`credits`, `Niveau`.`id` as `niveau_id`, `Niveau`.`nom` as `niveau_nom`
FROM `Note`
LEFT JOIN `Matier` ON `Matier`.`id` = `Note`.`id_matier`
LEFT JOIN `Programme` ON `Programme`.`id_matier` = `Matier`.`id` AND `Programme`.`id_parcours` = `Développement`
LEFT JOIN `Niveau` ON `Niveau`.`id` = `Programme`.`id_niveau`
WHERE `Note`.`id_etudiant` = :Note.id_etudiant:', [...], false)
 5 APPPATH\Models\EtudiantModel.php(59): CodeIgniter\Database\BaseBuilder->get()
 6 APPPATH\Controllers\Etudiant.php(62): App\Models\EtudiantModel->getReleveByIdEtudiant(1)
 7 SYSTEMPATH\CodeIgniter.php(951): App\Controllers\Etudiant->getNotes()
 8 SYSTEMPATH\CodeIgniter.php(497): CodeIgniter\CodeIgniter->runController(Object(App\Controllers\Etudiant))
 9 SYSTEMPATH\CodeIgniter.php(340): CodeIgniter\CodeIgniter->handleRequest(null, Object(Config\Cache), false)
10 SYSTEMPATH\Boot.php(417): CodeIgniter\CodeIgniter->run()
11 SYSTEMPATH\Boot.php(68): CodeIgniter\Boot::runCodeIgniter(Object(CodeIgniter\CodeIgniter))
12 FCPATH\index.php(59): CodeIgniter\Boot::bootWeb(Object(Config\Paths))
13 SYSTEMPATH\rewrite.php(44): require_once('D:\\Tp_CI4\\TP_Parcours\\public\\index.php')
CRITICAL - 2026-04-29 09:08:09 --> CodeIgniter\Database\Exceptions\DatabaseException: Unknown column 'Développement' in 'on clause'
[Method: GET, Route: notes/etudiant]
in SYSTEMPATH\Database\BaseConnection.php on line 865.
 1 SYSTEMPATH\Database\BaseBuilder.php(1649): CodeIgniter\Database\BaseConnection->query('SELECT `Note`.`id`, `Note`.`note`, `Note`.`resultat`, `Matier`.`id` as `matier_id`, `Matier`.`code`, `Matier`.`nom`, `Matier`.`credits`, `Niveau`.`id` as `niveau_id`, `Niveau`.`nom` as `niveau_nom`
FROM `Note`
LEFT JOIN `Matier` ON `Matier`.`id` = `Note`.`id_matier`
LEFT JOIN `Programme` ON `Programme`.`id_matier` = `Matier`.`id` AND `Programme`.`id_parcours` = `Développement`
LEFT JOIN `Niveau` ON `Niveau`.`id` = `Programme`.`id_niveau`
WHERE `Note`.`id_etudiant` = :Note.id_etudiant:', [...], false)
 2 APPPATH\Models\EtudiantModel.php(59): CodeIgniter\Database\BaseBuilder->get()
 3 APPPATH\Controllers\Etudiant.php(62): App\Models\EtudiantModel->getReleveByIdEtudiant(1)
 4 SYSTEMPATH\CodeIgniter.php(951): App\Controllers\Etudiant->getNotes()
 5 SYSTEMPATH\CodeIgniter.php(497): CodeIgniter\CodeIgniter->runController(Object(App\Controllers\Etudiant))
 6 SYSTEMPATH\CodeIgniter.php(340): CodeIgniter\CodeIgniter->handleRequest(null, Object(Config\Cache), false)
 7 SYSTEMPATH\Boot.php(417): CodeIgniter\CodeIgniter->run()
 8 SYSTEMPATH\Boot.php(68): CodeIgniter\Boot::runCodeIgniter(Object(CodeIgniter\CodeIgniter))
 9 FCPATH\index.php(59): CodeIgniter\Boot::bootWeb(Object(Config\Paths))
10 SYSTEMPATH\rewrite.php(44): require_once('D:\\Tp_CI4\\TP_Parcours\\public\\index.php')
CRITICAL - 2026-04-29 09:08:09 --> [Caused by] CodeIgniter\Database\Exceptions\DatabaseException: Unknown column 'Développement' in 'on clause'
in SYSTEMPATH\Database\MySQLi\Connection.php on line 310.
 1 SYSTEMPATH\Database\BaseConnection.php(910): CodeIgniter\Database\MySQLi\Connection->execute('SELECT `Note`.`id`, `Note`.`note`, `Note`.`resultat`, `Matier`.`id` as `matier_id`, `Matier`.`code`, `Matier`.`nom`, `Matier`.`credits`, `Niveau`.`id` as `niveau_id`, `Niveau`.`nom` as `niveau_nom`
FROM `Note`
LEFT JOIN `Matier` ON `Matier`.`id` = `Note`.`id_matier`
LEFT JOIN `Programme` ON `Programme`.`id_matier` = `Matier`.`id` AND `Programme`.`id_parcours` = `Développement`
LEFT JOIN `Niveau` ON `Niveau`.`id` = `Programme`.`id_niveau`
WHERE `Note`.`id_etudiant` = 1')
 2 SYSTEMPATH\Database\BaseConnection.php(827): CodeIgniter\Database\BaseConnection->simpleQuery('SELECT `Note`.`id`, `Note`.`note`, `Note`.`resultat`, `Matier`.`id` as `matier_id`, `Matier`.`code`, `Matier`.`nom`, `Matier`.`credits`, `Niveau`.`id` as `niveau_id`, `Niveau`.`nom` as `niveau_nom`
FROM `Note`
LEFT JOIN `Matier` ON `Matier`.`id` = `Note`.`id_matier`
LEFT JOIN `Programme` ON `Programme`.`id_matier` = `Matier`.`id` AND `Programme`.`id_parcours` = `Développement`
LEFT JOIN `Niveau` ON `Niveau`.`id` = `Programme`.`id_niveau`
WHERE `Note`.`id_etudiant` = 1')
 3 SYSTEMPATH\Database\BaseBuilder.php(1649): CodeIgniter\Database\BaseConnection->query('SELECT `Note`.`id`, `Note`.`note`, `Note`.`resultat`, `Matier`.`id` as `matier_id`, `Matier`.`code`, `Matier`.`nom`, `Matier`.`credits`, `Niveau`.`id` as `niveau_id`, `Niveau`.`nom` as `niveau_nom`
FROM `Note`
LEFT JOIN `Matier` ON `Matier`.`id` = `Note`.`id_matier`
LEFT JOIN `Programme` ON `Programme`.`id_matier` = `Matier`.`id` AND `Programme`.`id_parcours` = `Développement`
LEFT JOIN `Niveau` ON `Niveau`.`id` = `Programme`.`id_niveau`
WHERE `Note`.`id_etudiant` = :Note.id_etudiant:', [...], false)
 4 APPPATH\Models\EtudiantModel.php(59): CodeIgniter\Database\BaseBuilder->get()
 5 APPPATH\Controllers\Etudiant.php(62): App\Models\EtudiantModel->getReleveByIdEtudiant(1)
 6 SYSTEMPATH\CodeIgniter.php(951): App\Controllers\Etudiant->getNotes()
 7 SYSTEMPATH\CodeIgniter.php(497): CodeIgniter\CodeIgniter->runController(Object(App\Controllers\Etudiant))
 8 SYSTEMPATH\CodeIgniter.php(340): CodeIgniter\CodeIgniter->handleRequest(null, Object(Config\Cache), false)
 9 SYSTEMPATH\Boot.php(417): CodeIgniter\CodeIgniter->run()
10 SYSTEMPATH\Boot.php(68): CodeIgniter\Boot::runCodeIgniter(Object(CodeIgniter\CodeIgniter))
11 FCPATH\index.php(59): CodeIgniter\Boot::bootWeb(Object(Config\Paths))
12 SYSTEMPATH\rewrite.php(44): require_once('D:\\Tp_CI4\\TP_Parcours\\public\\index.php')
CRITICAL - 2026-04-29 09:08:09 --> [Caused by] mysqli_sql_exception: Unknown column 'Développement' in 'on clause'
in SYSTEMPATH\Database\MySQLi\Connection.php on line 300.
 1 SYSTEMPATH\Database\MySQLi\Connection.php(300): mysqli->query('SELECT `Note`.`id`, `Note`.`note`, `Note`.`resultat`, `Matier`.`id` as `matier_id`, `Matier`.`code`, `Matier`.`nom`, `Matier`.`credits`, `Niveau`.`id` as `niveau_id`, `Niveau`.`nom` as `niveau_nom`
FROM `Note`
LEFT JOIN `Matier` ON `Matier`.`id` = `Note`.`id_matier`
LEFT JOIN `Programme` ON `Programme`.`id_matier` = `Matier`.`id` AND `Programme`.`id_parcours` = `Développement`
LEFT JOIN `Niveau` ON `Niveau`.`id` = `Programme`.`id_niveau`
WHERE `Note`.`id_etudiant` = 1', 0)
 2 SYSTEMPATH\Database\BaseConnection.php(910): CodeIgniter\Database\MySQLi\Connection->execute('SELECT `Note`.`id`, `Note`.`note`, `Note`.`resultat`, `Matier`.`id` as `matier_id`, `Matier`.`code`, `Matier`.`nom`, `Matier`.`credits`, `Niveau`.`id` as `niveau_id`, `Niveau`.`nom` as `niveau_nom`
FROM `Note`
LEFT JOIN `Matier` ON `Matier`.`id` = `Note`.`id_matier`
LEFT JOIN `Programme` ON `Programme`.`id_matier` = `Matier`.`id` AND `Programme`.`id_parcours` = `Développement`
LEFT JOIN `Niveau` ON `Niveau`.`id` = `Programme`.`id_niveau`
WHERE `Note`.`id_etudiant` = 1')
 3 SYSTEMPATH\Database\BaseConnection.php(827): CodeIgniter\Database\BaseConnection->simpleQuery('SELECT `Note`.`id`, `Note`.`note`, `Note`.`resultat`, `Matier`.`id` as `matier_id`, `Matier`.`code`, `Matier`.`nom`, `Matier`.`credits`, `Niveau`.`id` as `niveau_id`, `Niveau`.`nom` as `niveau_nom`
FROM `Note`
LEFT JOIN `Matier` ON `Matier`.`id` = `Note`.`id_matier`
LEFT JOIN `Programme` ON `Programme`.`id_matier` = `Matier`.`id` AND `Programme`.`id_parcours` = `Développement`
LEFT JOIN `Niveau` ON `Niveau`.`id` = `Programme`.`id_niveau`
WHERE `Note`.`id_etudiant` = 1')
 4 SYSTEMPATH\Database\BaseBuilder.php(1649): CodeIgniter\Database\BaseConnection->query('SELECT `Note`.`id`, `Note`.`note`, `Note`.`resultat`, `Matier`.`id` as `matier_id`, `Matier`.`code`, `Matier`.`nom`, `Matier`.`credits`, `Niveau`.`id` as `niveau_id`, `Niveau`.`nom` as `niveau_nom`
FROM `Note`
LEFT JOIN `Matier` ON `Matier`.`id` = `Note`.`id_matier`
LEFT JOIN `Programme` ON `Programme`.`id_matier` = `Matier`.`id` AND `Programme`.`id_parcours` = `Développement`
LEFT JOIN `Niveau` ON `Niveau`.`id` = `Programme`.`id_niveau`
WHERE `Note`.`id_etudiant` = :Note.id_etudiant:', [...], false)
 5 APPPATH\Models\EtudiantModel.php(59): CodeIgniter\Database\BaseBuilder->get()
 6 APPPATH\Controllers\Etudiant.php(62): App\Models\EtudiantModel->getReleveByIdEtudiant(1)
 7 SYSTEMPATH\CodeIgniter.php(951): App\Controllers\Etudiant->getNotes()
 8 SYSTEMPATH\CodeIgniter.php(497): CodeIgniter\CodeIgniter->runController(Object(App\Controllers\Etudiant))
 9 SYSTEMPATH\CodeIgniter.php(340): CodeIgniter\CodeIgniter->handleRequest(null, Object(Config\Cache), false)
10 SYSTEMPATH\Boot.php(417): CodeIgniter\CodeIgniter->run()
11 SYSTEMPATH\Boot.php(68): CodeIgniter\Boot::runCodeIgniter(Object(CodeIgniter\CodeIgniter))
12 FCPATH\index.php(59): CodeIgniter\Boot::bootWeb(Object(Config\Paths))
13 SYSTEMPATH\rewrite.php(44): require_once('D:\\Tp_CI4\\TP_Parcours\\public\\index.php')
ERROR - 2026-04-29 09:08:14 --> Unknown column 'Développement' in 'on clause'
in SYSTEMPATH\Database\MySQLi\Connection.php on line 300.
 1 SYSTEMPATH\Database\MySQLi\Connection.php(300): mysqli->query('SELECT `Note`.`id`, `Note`.`note`, `Note`.`resultat`, `Matier`.`id` as `matier_id`, `Matier`.`code`, `Matier`.`nom`, `Matier`.`credits`, `Niveau`.`id` as `niveau_id`, `Niveau`.`nom` as `niveau_nom`
FROM `Note`
LEFT JOIN `Matier` ON `Matier`.`id` = `Note`.`id_matier`
LEFT JOIN `Programme` ON `Programme`.`id_matier` = `Matier`.`id` AND `Programme`.`id_parcours` = `Développement`
LEFT JOIN `Niveau` ON `Niveau`.`id` = `Programme`.`id_niveau`
WHERE `Note`.`id_etudiant` = 1', 0)
 2 SYSTEMPATH\Database\BaseConnection.php(910): CodeIgniter\Database\MySQLi\Connection->execute('SELECT `Note`.`id`, `Note`.`note`, `Note`.`resultat`, `Matier`.`id` as `matier_id`, `Matier`.`code`, `Matier`.`nom`, `Matier`.`credits`, `Niveau`.`id` as `niveau_id`, `Niveau`.`nom` as `niveau_nom`
FROM `Note`
LEFT JOIN `Matier` ON `Matier`.`id` = `Note`.`id_matier`
LEFT JOIN `Programme` ON `Programme`.`id_matier` = `Matier`.`id` AND `Programme`.`id_parcours` = `Développement`
LEFT JOIN `Niveau` ON `Niveau`.`id` = `Programme`.`id_niveau`
WHERE `Note`.`id_etudiant` = 1')
 3 SYSTEMPATH\Database\BaseConnection.php(827): CodeIgniter\Database\BaseConnection->simpleQuery('SELECT `Note`.`id`, `Note`.`note`, `Note`.`resultat`, `Matier`.`id` as `matier_id`, `Matier`.`code`, `Matier`.`nom`, `Matier`.`credits`, `Niveau`.`id` as `niveau_id`, `Niveau`.`nom` as `niveau_nom`
FROM `Note`
LEFT JOIN `Matier` ON `Matier`.`id` = `Note`.`id_matier`
LEFT JOIN `Programme` ON `Programme`.`id_matier` = `Matier`.`id` AND `Programme`.`id_parcours` = `Développement`
LEFT JOIN `Niveau` ON `Niveau`.`id` = `Programme`.`id_niveau`
WHERE `Note`.`id_etudiant` = 1')
 4 SYSTEMPATH\Database\BaseBuilder.php(1649): CodeIgniter\Database\BaseConnection->query('SELECT `Note`.`id`, `Note`.`note`, `Note`.`resultat`, `Matier`.`id` as `matier_id`, `Matier`.`code`, `Matier`.`nom`, `Matier`.`credits`, `Niveau`.`id` as `niveau_id`, `Niveau`.`nom` as `niveau_nom`
FROM `Note`
LEFT JOIN `Matier` ON `Matier`.`id` = `Note`.`id_matier`
LEFT JOIN `Programme` ON `Programme`.`id_matier` = `Matier`.`id` AND `Programme`.`id_parcours` = `Développement`
LEFT JOIN `Niveau` ON `Niveau`.`id` = `Programme`.`id_niveau`
WHERE `Note`.`id_etudiant` = :Note.id_etudiant:', [...], false)
 5 APPPATH\Models\EtudiantModel.php(59): CodeIgniter\Database\BaseBuilder->get()
 6 APPPATH\Controllers\Etudiant.php(62): App\Models\EtudiantModel->getReleveByIdEtudiant(1)
 7 SYSTEMPATH\CodeIgniter.php(951): App\Controllers\Etudiant->getNotes()
 8 SYSTEMPATH\CodeIgniter.php(497): CodeIgniter\CodeIgniter->runController(Object(App\Controllers\Etudiant))
 9 SYSTEMPATH\CodeIgniter.php(340): CodeIgniter\CodeIgniter->handleRequest(null, Object(Config\Cache), false)
10 SYSTEMPATH\Boot.php(417): CodeIgniter\CodeIgniter->run()
11 SYSTEMPATH\Boot.php(68): CodeIgniter\Boot::runCodeIgniter(Object(CodeIgniter\CodeIgniter))
12 FCPATH\index.php(59): CodeIgniter\Boot::bootWeb(Object(Config\Paths))
13 SYSTEMPATH\rewrite.php(44): require_once('D:\\Tp_CI4\\TP_Parcours\\public\\index.php')
CRITICAL - 2026-04-29 09:08:14 --> CodeIgniter\Database\Exceptions\DatabaseException: Unknown column 'Développement' in 'on clause'
[Method: GET, Route: notes/etudiant]
in SYSTEMPATH\Database\BaseConnection.php on line 865.
 1 SYSTEMPATH\Database\BaseBuilder.php(1649): CodeIgniter\Database\BaseConnection->query('SELECT `Note`.`id`, `Note`.`note`, `Note`.`resultat`, `Matier`.`id` as `matier_id`, `Matier`.`code`, `Matier`.`nom`, `Matier`.`credits`, `Niveau`.`id` as `niveau_id`, `Niveau`.`nom` as `niveau_nom`
FROM `Note`
LEFT JOIN `Matier` ON `Matier`.`id` = `Note`.`id_matier`
LEFT JOIN `Programme` ON `Programme`.`id_matier` = `Matier`.`id` AND `Programme`.`id_parcours` = `Développement`
LEFT JOIN `Niveau` ON `Niveau`.`id` = `Programme`.`id_niveau`
WHERE `Note`.`id_etudiant` = :Note.id_etudiant:', [...], false)
 2 APPPATH\Models\EtudiantModel.php(59): CodeIgniter\Database\BaseBuilder->get()
 3 APPPATH\Controllers\Etudiant.php(62): App\Models\EtudiantModel->getReleveByIdEtudiant(1)
 4 SYSTEMPATH\CodeIgniter.php(951): App\Controllers\Etudiant->getNotes()
 5 SYSTEMPATH\CodeIgniter.php(497): CodeIgniter\CodeIgniter->runController(Object(App\Controllers\Etudiant))
 6 SYSTEMPATH\CodeIgniter.php(340): CodeIgniter\CodeIgniter->handleRequest(null, Object(Config\Cache), false)
 7 SYSTEMPATH\Boot.php(417): CodeIgniter\CodeIgniter->run()
 8 SYSTEMPATH\Boot.php(68): CodeIgniter\Boot::runCodeIgniter(Object(CodeIgniter\CodeIgniter))
 9 FCPATH\index.php(59): CodeIgniter\Boot::bootWeb(Object(Config\Paths))
10 SYSTEMPATH\rewrite.php(44): require_once('D:\\Tp_CI4\\TP_Parcours\\public\\index.php')
CRITICAL - 2026-04-29 09:08:14 --> [Caused by] CodeIgniter\Database\Exceptions\DatabaseException: Unknown column 'Développement' in 'on clause'
in SYSTEMPATH\Database\MySQLi\Connection.php on line 310.
 1 SYSTEMPATH\Database\BaseConnection.php(910): CodeIgniter\Database\MySQLi\Connection->execute('SELECT `Note`.`id`, `Note`.`note`, `Note`.`resultat`, `Matier`.`id` as `matier_id`, `Matier`.`code`, `Matier`.`nom`, `Matier`.`credits`, `Niveau`.`id` as `niveau_id`, `Niveau`.`nom` as `niveau_nom`
FROM `Note`
LEFT JOIN `Matier` ON `Matier`.`id` = `Note`.`id_matier`
LEFT JOIN `Programme` ON `Programme`.`id_matier` = `Matier`.`id` AND `Programme`.`id_parcours` = `Développement`
LEFT JOIN `Niveau` ON `Niveau`.`id` = `Programme`.`id_niveau`
WHERE `Note`.`id_etudiant` = 1')
 2 SYSTEMPATH\Database\BaseConnection.php(827): CodeIgniter\Database\BaseConnection->simpleQuery('SELECT `Note`.`id`, `Note`.`note`, `Note`.`resultat`, `Matier`.`id` as `matier_id`, `Matier`.`code`, `Matier`.`nom`, `Matier`.`credits`, `Niveau`.`id` as `niveau_id`, `Niveau`.`nom` as `niveau_nom`
FROM `Note`
LEFT JOIN `Matier` ON `Matier`.`id` = `Note`.`id_matier`
LEFT JOIN `Programme` ON `Programme`.`id_matier` = `Matier`.`id` AND `Programme`.`id_parcours` = `Développement`
LEFT JOIN `Niveau` ON `Niveau`.`id` = `Programme`.`id_niveau`
WHERE `Note`.`id_etudiant` = 1')
 3 SYSTEMPATH\Database\BaseBuilder.php(1649): CodeIgniter\Database\BaseConnection->query('SELECT `Note`.`id`, `Note`.`note`, `Note`.`resultat`, `Matier`.`id` as `matier_id`, `Matier`.`code`, `Matier`.`nom`, `Matier`.`credits`, `Niveau`.`id` as `niveau_id`, `Niveau`.`nom` as `niveau_nom`
FROM `Note`
LEFT JOIN `Matier` ON `Matier`.`id` = `Note`.`id_matier`
LEFT JOIN `Programme` ON `Programme`.`id_matier` = `Matier`.`id` AND `Programme`.`id_parcours` = `Développement`
LEFT JOIN `Niveau` ON `Niveau`.`id` = `Programme`.`id_niveau`
WHERE `Note`.`id_etudiant` = :Note.id_etudiant:', [...], false)
 4 APPPATH\Models\EtudiantModel.php(59): CodeIgniter\Database\BaseBuilder->get()
 5 APPPATH\Controllers\Etudiant.php(62): App\Models\EtudiantModel->getReleveByIdEtudiant(1)
 6 SYSTEMPATH\CodeIgniter.php(951): App\Controllers\Etudiant->getNotes()
 7 SYSTEMPATH\CodeIgniter.php(497): CodeIgniter\CodeIgniter->runController(Object(App\Controllers\Etudiant))
 8 SYSTEMPATH\CodeIgniter.php(340): CodeIgniter\CodeIgniter->handleRequest(null, Object(Config\Cache), false)
 9 SYSTEMPATH\Boot.php(417): CodeIgniter\CodeIgniter->run()
10 SYSTEMPATH\Boot.php(68): CodeIgniter\Boot::runCodeIgniter(Object(CodeIgniter\CodeIgniter))
11 FCPATH\index.php(59): CodeIgniter\Boot::bootWeb(Object(Config\Paths))
12 SYSTEMPATH\rewrite.php(44): require_once('D:\\Tp_CI4\\TP_Parcours\\public\\index.php')
CRITICAL - 2026-04-29 09:08:14 --> [Caused by] mysqli_sql_exception: Unknown column 'Développement' in 'on clause'
in SYSTEMPATH\Database\MySQLi\Connection.php on line 300.
 1 SYSTEMPATH\Database\MySQLi\Connection.php(300): mysqli->query('SELECT `Note`.`id`, `Note`.`note`, `Note`.`resultat`, `Matier`.`id` as `matier_id`, `Matier`.`code`, `Matier`.`nom`, `Matier`.`credits`, `Niveau`.`id` as `niveau_id`, `Niveau`.`nom` as `niveau_nom`
FROM `Note`
LEFT JOIN `Matier` ON `Matier`.`id` = `Note`.`id_matier`
LEFT JOIN `Programme` ON `Programme`.`id_matier` = `Matier`.`id` AND `Programme`.`id_parcours` = `Développement`
LEFT JOIN `Niveau` ON `Niveau`.`id` = `Programme`.`id_niveau`
WHERE `Note`.`id_etudiant` = 1', 0)
 2 SYSTEMPATH\Database\BaseConnection.php(910): CodeIgniter\Database\MySQLi\Connection->execute('SELECT `Note`.`id`, `Note`.`note`, `Note`.`resultat`, `Matier`.`id` as `matier_id`, `Matier`.`code`, `Matier`.`nom`, `Matier`.`credits`, `Niveau`.`id` as `niveau_id`, `Niveau`.`nom` as `niveau_nom`
FROM `Note`
LEFT JOIN `Matier` ON `Matier`.`id` = `Note`.`id_matier`
LEFT JOIN `Programme` ON `Programme`.`id_matier` = `Matier`.`id` AND `Programme`.`id_parcours` = `Développement`
LEFT JOIN `Niveau` ON `Niveau`.`id` = `Programme`.`id_niveau`
WHERE `Note`.`id_etudiant` = 1')
 3 SYSTEMPATH\Database\BaseConnection.php(827): CodeIgniter\Database\BaseConnection->simpleQuery('SELECT `Note`.`id`, `Note`.`note`, `Note`.`resultat`, `Matier`.`id` as `matier_id`, `Matier`.`code`, `Matier`.`nom`, `Matier`.`credits`, `Niveau`.`id` as `niveau_id`, `Niveau`.`nom` as `niveau_nom`
FROM `Note`
LEFT JOIN `Matier` ON `Matier`.`id` = `Note`.`id_matier`
LEFT JOIN `Programme` ON `Programme`.`id_matier` = `Matier`.`id` AND `Programme`.`id_parcours` = `Développement`
LEFT JOIN `Niveau` ON `Niveau`.`id` = `Programme`.`id_niveau`
WHERE `Note`.`id_etudiant` = 1')
 4 SYSTEMPATH\Database\BaseBuilder.php(1649): CodeIgniter\Database\BaseConnection->query('SELECT `Note`.`id`, `Note`.`note`, `Note`.`resultat`, `Matier`.`id` as `matier_id`, `Matier`.`code`, `Matier`.`nom`, `Matier`.`credits`, `Niveau`.`id` as `niveau_id`, `Niveau`.`nom` as `niveau_nom`
FROM `Note`
LEFT JOIN `Matier` ON `Matier`.`id` = `Note`.`id_matier`
LEFT JOIN `Programme` ON `Programme`.`id_matier` = `Matier`.`id` AND `Programme`.`id_parcours` = `Développement`
LEFT JOIN `Niveau` ON `Niveau`.`id` = `Programme`.`id_niveau`
WHERE `Note`.`id_etudiant` = :Note.id_etudiant:', [...], false)
 5 APPPATH\Models\EtudiantModel.php(59): CodeIgniter\Database\BaseBuilder->get()
 6 APPPATH\Controllers\Etudiant.php(62): App\Models\EtudiantModel->getReleveByIdEtudiant(1)
 7 SYSTEMPATH\CodeIgniter.php(951): App\Controllers\Etudiant->getNotes()
 8 SYSTEMPATH\CodeIgniter.php(497): CodeIgniter\CodeIgniter->runController(Object(App\Controllers\Etudiant))
 9 SYSTEMPATH\CodeIgniter.php(340): CodeIgniter\CodeIgniter->handleRequest(null, Object(Config\Cache), false)
10 SYSTEMPATH\Boot.php(417): CodeIgniter\CodeIgniter->run()
11 SYSTEMPATH\Boot.php(68): CodeIgniter\Boot::runCodeIgniter(Object(CodeIgniter\CodeIgniter))
12 FCPATH\index.php(59): CodeIgniter\Boot::bootWeb(Object(Config\Paths))
13 SYSTEMPATH\rewrite.php(44): require_once('D:\\Tp_CI4\\TP_Parcours\\public\\index.php')
ERROR - 2026-04-29 09:09:20 --> Unknown column 'Développement' in 'on clause'
in SYSTEMPATH\Database\MySQLi\Connection.php on line 300.
 1 SYSTEMPATH\Database\MySQLi\Connection.php(300): mysqli->query('SELECT `Note`.`id`, `Note`.`note`, `Note`.`resultat`, `Matier`.`id` as `matier_id`, `Matier`.`code`, `Matier`.`nom`, `Matier`.`credits`, `Niveau`.`id` as `niveau_id`, `Niveau`.`nom` as `niveau_nom`
FROM `Note`
LEFT JOIN `Matier` ON `Matier`.`id` = `Note`.`id_matier`
LEFT JOIN `Programme` ON `Programme`.`id_matier` = `Matier`.`id` AND `Programme`.`id_parcours` = `Développement`
LEFT JOIN `Niveau` ON `Niveau`.`id` = `Programme`.`id_niveau`
WHERE `Note`.`id_etudiant` = 1', 0)
 2 SYSTEMPATH\Database\BaseConnection.php(910): CodeIgniter\Database\MySQLi\Connection->execute('SELECT `Note`.`id`, `Note`.`note`, `Note`.`resultat`, `Matier`.`id` as `matier_id`, `Matier`.`code`, `Matier`.`nom`, `Matier`.`credits`, `Niveau`.`id` as `niveau_id`, `Niveau`.`nom` as `niveau_nom`
FROM `Note`
LEFT JOIN `Matier` ON `Matier`.`id` = `Note`.`id_matier`
LEFT JOIN `Programme` ON `Programme`.`id_matier` = `Matier`.`id` AND `Programme`.`id_parcours` = `Développement`
LEFT JOIN `Niveau` ON `Niveau`.`id` = `Programme`.`id_niveau`
WHERE `Note`.`id_etudiant` = 1')
 3 SYSTEMPATH\Database\BaseConnection.php(827): CodeIgniter\Database\BaseConnection->simpleQuery('SELECT `Note`.`id`, `Note`.`note`, `Note`.`resultat`, `Matier`.`id` as `matier_id`, `Matier`.`code`, `Matier`.`nom`, `Matier`.`credits`, `Niveau`.`id` as `niveau_id`, `Niveau`.`nom` as `niveau_nom`
FROM `Note`
LEFT JOIN `Matier` ON `Matier`.`id` = `Note`.`id_matier`
LEFT JOIN `Programme` ON `Programme`.`id_matier` = `Matier`.`id` AND `Programme`.`id_parcours` = `Développement`
LEFT JOIN `Niveau` ON `Niveau`.`id` = `Programme`.`id_niveau`
WHERE `Note`.`id_etudiant` = 1')
 4 SYSTEMPATH\Database\BaseBuilder.php(1649): CodeIgniter\Database\BaseConnection->query('SELECT `Note`.`id`, `Note`.`note`, `Note`.`resultat`, `Matier`.`id` as `matier_id`, `Matier`.`code`, `Matier`.`nom`, `Matier`.`credits`, `Niveau`.`id` as `niveau_id`, `Niveau`.`nom` as `niveau_nom`
FROM `Note`
LEFT JOIN `Matier` ON `Matier`.`id` = `Note`.`id_matier`
LEFT JOIN `Programme` ON `Programme`.`id_matier` = `Matier`.`id` AND `Programme`.`id_parcours` = `Développement`
LEFT JOIN `Niveau` ON `Niveau`.`id` = `Programme`.`id_niveau`
WHERE `Note`.`id_etudiant` = :Note.id_etudiant:', [...], false)
 5 APPPATH\Models\EtudiantModel.php(59): CodeIgniter\Database\BaseBuilder->get()
 6 APPPATH\Controllers\Etudiant.php(62): App\Models\EtudiantModel->getReleveByIdEtudiant(1)
 7 SYSTEMPATH\CodeIgniter.php(951): App\Controllers\Etudiant->getNotes()
 8 SYSTEMPATH\CodeIgniter.php(497): CodeIgniter\CodeIgniter->runController(Object(App\Controllers\Etudiant))
 9 SYSTEMPATH\CodeIgniter.php(340): CodeIgniter\CodeIgniter->handleRequest(null, Object(Config\Cache), false)
10 SYSTEMPATH\Boot.php(417): CodeIgniter\CodeIgniter->run()
11 SYSTEMPATH\Boot.php(68): CodeIgniter\Boot::runCodeIgniter(Object(CodeIgniter\CodeIgniter))
12 FCPATH\index.php(59): CodeIgniter\Boot::bootWeb(Object(Config\Paths))
13 SYSTEMPATH\rewrite.php(44): require_once('D:\\Tp_CI4\\TP_Parcours\\public\\index.php')
CRITICAL - 2026-04-29 09:09:20 --> CodeIgniter\Database\Exceptions\DatabaseException: Unknown column 'Développement' in 'on clause'
[Method: GET, Route: notes/etudiant]
in SYSTEMPATH\Database\BaseConnection.php on line 865.
 1 SYSTEMPATH\Database\BaseBuilder.php(1649): CodeIgniter\Database\BaseConnection->query('SELECT `Note`.`id`, `Note`.`note`, `Note`.`resultat`, `Matier`.`id` as `matier_id`, `Matier`.`code`, `Matier`.`nom`, `Matier`.`credits`, `Niveau`.`id` as `niveau_id`, `Niveau`.`nom` as `niveau_nom`
FROM `Note`
LEFT JOIN `Matier` ON `Matier`.`id` = `Note`.`id_matier`
LEFT JOIN `Programme` ON `Programme`.`id_matier` = `Matier`.`id` AND `Programme`.`id_parcours` = `Développement`
LEFT JOIN `Niveau` ON `Niveau`.`id` = `Programme`.`id_niveau`
WHERE `Note`.`id_etudiant` = :Note.id_etudiant:', [...], false)
 2 APPPATH\Models\EtudiantModel.php(59): CodeIgniter\Database\BaseBuilder->get()
 3 APPPATH\Controllers\Etudiant.php(62): App\Models\EtudiantModel->getReleveByIdEtudiant(1)
 4 SYSTEMPATH\CodeIgniter.php(951): App\Controllers\Etudiant->getNotes()
 5 SYSTEMPATH\CodeIgniter.php(497): CodeIgniter\CodeIgniter->runController(Object(App\Controllers\Etudiant))
 6 SYSTEMPATH\CodeIgniter.php(340): CodeIgniter\CodeIgniter->handleRequest(null, Object(Config\Cache), false)
 7 SYSTEMPATH\Boot.php(417): CodeIgniter\CodeIgniter->run()
 8 SYSTEMPATH\Boot.php(68): CodeIgniter\Boot::runCodeIgniter(Object(CodeIgniter\CodeIgniter))
 9 FCPATH\index.php(59): CodeIgniter\Boot::bootWeb(Object(Config\Paths))
10 SYSTEMPATH\rewrite.php(44): require_once('D:\\Tp_CI4\\TP_Parcours\\public\\index.php')
CRITICAL - 2026-04-29 09:09:20 --> [Caused by] CodeIgniter\Database\Exceptions\DatabaseException: Unknown column 'Développement' in 'on clause'
in SYSTEMPATH\Database\MySQLi\Connection.php on line 310.
 1 SYSTEMPATH\Database\BaseConnection.php(910): CodeIgniter\Database\MySQLi\Connection->execute('SELECT `Note`.`id`, `Note`.`note`, `Note`.`resultat`, `Matier`.`id` as `matier_id`, `Matier`.`code`, `Matier`.`nom`, `Matier`.`credits`, `Niveau`.`id` as `niveau_id`, `Niveau`.`nom` as `niveau_nom`
FROM `Note`
LEFT JOIN `Matier` ON `Matier`.`id` = `Note`.`id_matier`
LEFT JOIN `Programme` ON `Programme`.`id_matier` = `Matier`.`id` AND `Programme`.`id_parcours` = `Développement`
LEFT JOIN `Niveau` ON `Niveau`.`id` = `Programme`.`id_niveau`
WHERE `Note`.`id_etudiant` = 1')
 2 SYSTEMPATH\Database\BaseConnection.php(827): CodeIgniter\Database\BaseConnection->simpleQuery('SELECT `Note`.`id`, `Note`.`note`, `Note`.`resultat`, `Matier`.`id` as `matier_id`, `Matier`.`code`, `Matier`.`nom`, `Matier`.`credits`, `Niveau`.`id` as `niveau_id`, `Niveau`.`nom` as `niveau_nom`
FROM `Note`
LEFT JOIN `Matier` ON `Matier`.`id` = `Note`.`id_matier`
LEFT JOIN `Programme` ON `Programme`.`id_matier` = `Matier`.`id` AND `Programme`.`id_parcours` = `Développement`
LEFT JOIN `Niveau` ON `Niveau`.`id` = `Programme`.`id_niveau`
WHERE `Note`.`id_etudiant` = 1')
 3 SYSTEMPATH\Database\BaseBuilder.php(1649): CodeIgniter\Database\BaseConnection->query('SELECT `Note`.`id`, `Note`.`note`, `Note`.`resultat`, `Matier`.`id` as `matier_id`, `Matier`.`code`, `Matier`.`nom`, `Matier`.`credits`, `Niveau`.`id` as `niveau_id`, `Niveau`.`nom` as `niveau_nom`
FROM `Note`
LEFT JOIN `Matier` ON `Matier`.`id` = `Note`.`id_matier`
LEFT JOIN `Programme` ON `Programme`.`id_matier` = `Matier`.`id` AND `Programme`.`id_parcours` = `Développement`
LEFT JOIN `Niveau` ON `Niveau`.`id` = `Programme`.`id_niveau`
WHERE `Note`.`id_etudiant` = :Note.id_etudiant:', [...], false)
 4 APPPATH\Models\EtudiantModel.php(59): CodeIgniter\Database\BaseBuilder->get()
 5 APPPATH\Controllers\Etudiant.php(62): App\Models\EtudiantModel->getReleveByIdEtudiant(1)
 6 SYSTEMPATH\CodeIgniter.php(951): App\Controllers\Etudiant->getNotes()
 7 SYSTEMPATH\CodeIgniter.php(497): CodeIgniter\CodeIgniter->runController(Object(App\Controllers\Etudiant))
 8 SYSTEMPATH\CodeIgniter.php(340): CodeIgniter\CodeIgniter->handleRequest(null, Object(Config\Cache), false)
 9 SYSTEMPATH\Boot.php(417): CodeIgniter\CodeIgniter->run()
10 SYSTEMPATH\Boot.php(68): CodeIgniter\Boot::runCodeIgniter(Object(CodeIgniter\CodeIgniter))
11 FCPATH\index.php(59): CodeIgniter\Boot::bootWeb(Object(Config\Paths))
12 SYSTEMPATH\rewrite.php(44): require_once('D:\\Tp_CI4\\TP_Parcours\\public\\index.php')
CRITICAL - 2026-04-29 09:09:20 --> [Caused by] mysqli_sql_exception: Unknown column 'Développement' in 'on clause'
in SYSTEMPATH\Database\MySQLi\Connection.php on line 300.
 1 SYSTEMPATH\Database\MySQLi\Connection.php(300): mysqli->query('SELECT `Note`.`id`, `Note`.`note`, `Note`.`resultat`, `Matier`.`id` as `matier_id`, `Matier`.`code`, `Matier`.`nom`, `Matier`.`credits`, `Niveau`.`id` as `niveau_id`, `Niveau`.`nom` as `niveau_nom`
FROM `Note`
LEFT JOIN `Matier` ON `Matier`.`id` = `Note`.`id_matier`
LEFT JOIN `Programme` ON `Programme`.`id_matier` = `Matier`.`id` AND `Programme`.`id_parcours` = `Développement`
LEFT JOIN `Niveau` ON `Niveau`.`id` = `Programme`.`id_niveau`
WHERE `Note`.`id_etudiant` = 1', 0)
 2 SYSTEMPATH\Database\BaseConnection.php(910): CodeIgniter\Database\MySQLi\Connection->execute('SELECT `Note`.`id`, `Note`.`note`, `Note`.`resultat`, `Matier`.`id` as `matier_id`, `Matier`.`code`, `Matier`.`nom`, `Matier`.`credits`, `Niveau`.`id` as `niveau_id`, `Niveau`.`nom` as `niveau_nom`
FROM `Note`
LEFT JOIN `Matier` ON `Matier`.`id` = `Note`.`id_matier`
LEFT JOIN `Programme` ON `Programme`.`id_matier` = `Matier`.`id` AND `Programme`.`id_parcours` = `Développement`
LEFT JOIN `Niveau` ON `Niveau`.`id` = `Programme`.`id_niveau`
WHERE `Note`.`id_etudiant` = 1')
 3 SYSTEMPATH\Database\BaseConnection.php(827): CodeIgniter\Database\BaseConnection->simpleQuery('SELECT `Note`.`id`, `Note`.`note`, `Note`.`resultat`, `Matier`.`id` as `matier_id`, `Matier`.`code`, `Matier`.`nom`, `Matier`.`credits`, `Niveau`.`id` as `niveau_id`, `Niveau`.`nom` as `niveau_nom`
FROM `Note`
LEFT JOIN `Matier` ON `Matier`.`id` = `Note`.`id_matier`
LEFT JOIN `Programme` ON `Programme`.`id_matier` = `Matier`.`id` AND `Programme`.`id_parcours` = `Développement`
LEFT JOIN `Niveau` ON `Niveau`.`id` = `Programme`.`id_niveau`
WHERE `Note`.`id_etudiant` = 1')
 4 SYSTEMPATH\Database\BaseBuilder.php(1649): CodeIgniter\Database\BaseConnection->query('SELECT `Note`.`id`, `Note`.`note`, `Note`.`resultat`, `Matier`.`id` as `matier_id`, `Matier`.`code`, `Matier`.`nom`, `Matier`.`credits`, `Niveau`.`id` as `niveau_id`, `Niveau`.`nom` as `niveau_nom`
FROM `Note`
LEFT JOIN `Matier` ON `Matier`.`id` = `Note`.`id_matier`
LEFT JOIN `Programme` ON `Programme`.`id_matier` = `Matier`.`id` AND `Programme`.`id_parcours` = `Développement`
LEFT JOIN `Niveau` ON `Niveau`.`id` = `Programme`.`id_niveau`
WHERE `Note`.`id_etudiant` = :Note.id_etudiant:', [...], false)
 5 APPPATH\Models\EtudiantModel.php(59): CodeIgniter\Database\BaseBuilder->get()
 6 APPPATH\Controllers\Etudiant.php(62): App\Models\EtudiantModel->getReleveByIdEtudiant(1)
 7 SYSTEMPATH\CodeIgniter.php(951): App\Controllers\Etudiant->getNotes()
 8 SYSTEMPATH\CodeIgniter.php(497): CodeIgniter\CodeIgniter->runController(Object(App\Controllers\Etudiant))
 9 SYSTEMPATH\CodeIgniter.php(340): CodeIgniter\CodeIgniter->handleRequest(null, Object(Config\Cache), false)
10 SYSTEMPATH\Boot.php(417): CodeIgniter\CodeIgniter->run()
11 SYSTEMPATH\Boot.php(68): CodeIgniter\Boot::runCodeIgniter(Object(CodeIgniter\CodeIgniter))
12 FCPATH\index.php(59): CodeIgniter\Boot::bootWeb(Object(Config\Paths))
13 SYSTEMPATH\rewrite.php(44): require_once('D:\\Tp_CI4\\TP_Parcours\\public\\index.php')
DEBUG - 2026-04-29 09:12:58 --> Session: Class initialized using 'CodeIgniter\Session\Handlers\FileHandler' driver.
DEBUG - 2026-04-29 09:13:08 --> Session: Class initialized using 'CodeIgniter\Session\Handlers\FileHandler' driver.
DEBUG - 2026-04-29 09:13:26 --> Session: Class initialized using 'CodeIgniter\Session\Handlers\FileHandler' driver.
DEBUG - 2026-04-29 09:14:07 --> Session: Class initialized using 'CodeIgniter\Session\Handlers\FileHandler' driver.
DEBUG - 2026-04-29 09:14:18 --> Session: Class initialized using 'CodeIgniter\Session\Handlers\FileHandler' driver.
DEBUG - 2026-04-29 09:14:18 --> Session: Class initialized using 'CodeIgniter\Session\Handlers\FileHandler' driver.
DEBUG - 2026-04-29 09:20:28 --> Session: Class initialized using 'CodeIgniter\Session\Handlers\FileHandler' driver.
CRITICAL - 2026-04-29 09:36:09 --> ParseError: syntax error, unexpected token "public"
[Method: GET, Route: notes/etudiant]
in APPPATH\Controllers\Etudiant.php on line 70.
 1 SYSTEMPATH\Autoloader\Autoloader.php(295): CodeIgniter\Autoloader\Autoloader->includeFile('D:\\Tp_CI4\\TP_Parcours\\app\\Controllers\\Etudiant.php')
 2 SYSTEMPATH\Autoloader\Autoloader.php(271): CodeIgniter\Autoloader\Autoloader->loadInNamespace('App\\Controllers\\Etudiant')
 3 [internal function]: CodeIgniter\Autoloader\Autoloader->loadClass('App\\Controllers\\Etudiant')
 4 SYSTEMPATH\Router\Router.php(792): class_exists('\\App\\Controllers\\Etudiant')
 5 SYSTEMPATH\Router\Router.php(230): CodeIgniter\Router\Router->processRouteAttributes()
 6 SYSTEMPATH\CodeIgniter.php(829): CodeIgniter\Router\Router->handle('notes/etudiant')
 7 SYSTEMPATH\CodeIgniter.php(441): CodeIgniter\CodeIgniter->tryToRouteIt(Object(CodeIgniter\Router\RouteCollection))
 8 SYSTEMPATH\CodeIgniter.php(340): CodeIgniter\CodeIgniter->handleRequest(null, Object(Config\Cache), false)
 9 SYSTEMPATH\Boot.php(417): CodeIgniter\CodeIgniter->run()
10 SYSTEMPATH\Boot.php(68): CodeIgniter\Boot::runCodeIgniter(Object(CodeIgniter\CodeIgniter))
11 FCPATH\index.php(59): CodeIgniter\Boot::bootWeb(Object(Config\Paths))
12 SYSTEMPATH\rewrite.php(44): require_once('D:\\Tp_CI4\\TP_Parcours\\public\\index.php')
DEBUG - 2026-04-29 09:38:54 --> Session: Class initialized using 'CodeIgniter\Session\Handlers\FileHandler' driver.
DEBUG - 2026-04-29 09:39:01 --> Session: Class initialized using 'CodeIgniter\Session\Handlers\FileHandler' driver.
DEBUG - 2026-04-29 09:39:10 --> Session: Class initialized using 'CodeIgniter\Session\Handlers\FileHandler' driver.
DEBUG - 2026-04-29 09:39:44 --> Session: Class initialized using 'CodeIgniter\Session\Handlers\FileHandler' driver.
DEBUG - 2026-04-29 09:40:15 --> Session: Class initialized using 'CodeIgniter\Session\Handlers\FileHandler' driver.
DEBUG - 2026-04-29 09:40:28 --> Session: Class initialized using 'CodeIgniter\Session\Handlers\FileHandler' driver.
DEBUG - 2026-04-29 09:40:28 --> Session: Class initialized using 'CodeIgniter\Session\Handlers\FileHandler' driver.
DEBUG - 2026-04-29 09:41:16 --> Session: Class initialized using 'CodeIgniter\Session\Handlers\FileHandler' driver.
DEBUG - 2026-04-29 09:41:43 --> Session: Class initialized using 'CodeIgniter\Session\Handlers\FileHandler' driver.
DEBUG - 2026-04-29 09:41:54 --> Session: Class initialized using 'CodeIgniter\Session\Handlers\FileHandler' driver.
DEBUG - 2026-04-29 09:41:54 --> Session: Class initialized using 'CodeIgniter\Session\Handlers\FileHandler' driver.
